model,layer,test_accuracy,test_precision,test_recall,test_f1,test_auc,test_n,high_freq_accuracy,hf_precision,hf_recall,hf_f1,hf_auc,hf_n,low_freq_accuracy,lf_precision,lf_recall,lf_f1,lf_auc,lf_n,accuracy_difference,cohens_h,z_statistic,p_value,p_value_corrected,significant_fdr,n_high,n_low
Llama-3.2-1B,0,0.732564841498559,0.748591549295774,0.70026350461133,0.72362151123213,0.828108108591842,12145,0.880387409200968,1,0.880387409200968,0.93638938964718,,2065,0.531607765057242,1,0.531607765057242,0.694182645433864,,2009,0.348779644143726,0.801248407162687,24.4881093121563,0.0,0.0,True,2065,2009
,1,0.870646356525319,0.887149492516772,0.849308300395257,0.867816575515355,0.944154489395273,12145,0.953995157384987,1,0.953995157384987,0.976456009913259,,2065,0.721254355400696,1,0.721254355400696,0.838056680161943,,2009,0.232740801984291,0.680068102911907,20.2191472354079,0.0,0.0,True,2065,2009
,2,0.921119802387813,0.924327912379688,0.917325428194993,0.920813357579765,0.977072972727294,12145,0.992251815980629,1,0.992251815980629,0.996110841030627,,2065,0.811348929815828,1,0.811348929815828,0.895850508381423,,2009,0.1809028861648,0.722334747488004,19.5093393368139,0.0,0.0,True,2065,2009
,3,0.950761630300535,0.954953457446808,0.946146245059288,0.950529450694904,0.989125539901336,12145,0.99273607748184,1,0.99273607748184,0.996354799513973,,2065,0.871577899452463,1,0.871577899452463,0.931382978723404,,2009,0.121158178029376,0.562357546984685,15.4626164799562,0.0,0.0,True,2065,2009
,4,0.958995471387402,0.960813492063492,0.957015810276679,0.958910891089108,0.992651535761541,12145,0.996125907990314,1,0.996125907990314,0.998059194565744,,2065,0.891488302638128,1,0.891488302638128,0.942631578947368,,2009,0.104637605352186,0.546794743907271,14.5189039167627,0.0,0.0,True,2065,2009
,5,0.96220666941128,0.960610536681437,0.96393280632411,0.962268803945746,0.993549644780771,12145,0.997578692493946,1,0.997578692493946,0.998787878787878,,2065,0.90741662518666,1,0.90741662518666,0.951461377870563,,2009,0.0901620673072867,0.519901515936093,13.5366879161296,0.0,0.0,True,2065,2009
,6,0.96467682173734,0.962162162162162,0.967391304347826,0.964769647696477,0.994104393471871,12145,0.997578692493946,1,0.997578692493946,0.998787878787878,,2065,0.917371826779492,1,0.917371826779492,0.956905503634475,,2009,0.0802068657144544,0.484675925207974,12.6855086556431,0.0,0.0,True,2065,2009
,7,0.962289007822149,0.961981566820276,0.962615283267457,0.962298320711228,0.993335463216852,12145,0.997094430992736,1,0.997094430992736,0.998545101842871,,2065,0.905425584868093,1,0.905425584868093,0.950365726227795,,2009,0.0916688461246425,0.517332374543385,13.5962095036374,0.0,0.0,True,2065,2009
,8,0.963935776039522,0.964085667215815,0.963768115942028,0.963926865425794,0.993559326069492,12145,0.997094430992736,1,0.997094430992736,0.998545101842871,,2065,0.906918865107018,1,0.906918865107018,0.95118767945706,,2009,0.0901755658857176,0.512211154069766,13.4718640294042,0.0,0.0,True,2065,2009
,9,0.963030053519967,0.962189709025152,0.96393280632411,0.963060468942821,0.993048577072929,12145,0.996610169491525,1,0.996610169491525,0.99830220713073,,2065,0.908909905425584,1,0.908909905425584,0.952281616688396,,2009,0.0877002640659405,0.496673688445111,13.1979556759001,0.0,0.0,True,2065,2009
,10,0.960395224372169,0.959710573918763,0.961133069828722,0.96042129515346,0.99212333603867,12145,0.993704600484261,1,0.993704600484261,0.996842360942433,,2065,0.906918865107018,1,0.906918865107018,0.95118767945706,,2009,0.0867857353772429,0.461216008802779,12.8178165163355,0.0,0.0,True,2065,2009
,11,0.956278303828736,0.963371801304566,0.948616600790513,0.955937266616878,0.990754965877389,12145,0.989346246973365,1,0.989346246973365,0.994644595910418,,2065,0.882528621204579,1,0.882528621204579,0.937599153886832,,2009,0.106817625768786,0.492863753901414,13.9955314142549,0.0,0.0,True,2065,2009
,12,0.956195965417867,0.953652145430723,0.95899209486166,0.95631466579077,0.99115709189924,12145,0.99273607748184,1,0.99273607748184,0.996354799513973,,2065,0.902439024390243,1,0.902439024390243,0.948717948717948,,2009,0.0902970530915963,0.464662046791058,13.0026090267559,0.0,0.0,True,2065,2009
,13,0.955043227665706,0.956091119181247,0.953886693017127,0.954987633965375,0.990522140375106,12145,0.990799031476997,1,0.990799031476997,0.995378253466309,,2065,0.894474863115978,1,0.894474863115978,0.944298476090383,,2009,0.0963241683610194,0.46955970548779,13.2909062500193,0.0,0.0,True,2065,2009
,14,0.95603128859613,0.957685950413223,0.954216073781291,0.955947863388879,0.990581068779563,12145,0.992251815980629,1,0.992251815980629,0.996110841030627,,2065,0.894474863115978,1,0.894474863115978,0.944298476090383,,2009,0.0977769528646513,0.485422802227472,13.5745344483844,0.0,0.0,True,2065,2009
,15,0.95413750514615,0.954058949448378,0.954216073781291,0.95413750514615,0.989509469439344,12145,0.989830508474576,1,0.989830508474576,0.994889267461669,,2065,0.897461423593827,1,0.897461423593827,0.945960125918153,,2009,0.0923690848807485,0.449884712401143,12.8502958940478,0.0,0.0,True,2065,2009
Llama-3.2-3B,0,0.757760395224372,0.789172209903917,0.703392621870882,0.743817485196795,0.851246008976859,12145,0.887167070217917,1,0.887167070217917,0.940210418270464,,2065,0.537580886012941,1,0.537580886012941,0.699255422466817,,2009,0.349586184204975,0.810429413746974,24.7067727212247,0.0,0.0,True,2065,2009
,1,0.876574722107863,0.887083121719993,0.862977602108036,0.874864345938726,0.951788266907218,12145,0.967554479418886,1,0.967554479418886,0.983509721880384,,2065,0.738675958188153,1,0.738675958188153,0.849699398797595,,2009,0.228878521230732,0.710927779262623,20.7247982165065,0.0,0.0,True,2065,2009
,2,0.919143680526965,0.93444861727552,0.901515151515151,0.917686504610226,0.97515323012266,12145,0.984987893462469,1,0.984987893462469,0.992437179799951,,2065,0.791438526630164,1,0.791438526630164,0.883578771881078,,2009,0.193549366832305,0.702866291295861,19.7038871833678,0.0,0.0,True,2065,2009
,3,0.954960889254837,0.962343096234309,0.946969696969697,0.95459450485598,0.990873202344683,12145,0.988861985472155,1,0.988861985472155,0.994399805210616,,2065,0.878546540567446,1,0.878546540567446,0.9353471118177,,2009,0.110315444904708,0.500476917797141,14.2249176361201,0.0,0.0,True,2065,2009
,4,0.967970358172087,0.973504415930678,0.962121212121212,0.967779342334134,0.994564363159946,12145,0.993704600484261,1,0.993704600484261,0.996842360942433,,2065,0.910403185664509,1,0.910403185664509,0.953100573215216,,2009,0.0833014148197517,0.449120957486075,12.5130278308936,0.0,0.0,True,2065,2009
,5,0.97455743104158,0.97873400897159,0.970191040843214,0.974443801174427,0.996349028736234,12145,0.995641646489104,1,0.995641646489104,0.99781606406212,,2065,0.930313588850174,1,0.930313588850174,0.963898916967509,,2009,0.0653280576389299,0.402164574162329,11.0222630056189,0.0,0.0,True,2065,2009
,6,0.974722107863318,0.977314124855108,0.972002635046113,0.974651143588473,0.996534274907813,12145,0.995157384987893,1,0.995157384987893,0.99757281553398,,2065,0.93529118964659,1,0.93529118964659,0.96656378600823,,2009,0.0598661953413031,0.375121223298403,10.4872343150822,0.0,0.0,True,2065,2009
,7,0.974886784685055,0.977321635490812,0.972332015810276,0.974820440848675,0.996749649683788,12145,0.997578692493946,1,0.997578692493946,0.998787878787878,,2065,0.93230462916874,1,0.93230462916874,0.964966512107161,,2009,0.065274063325206,0.427970832451527,11.3096818222605,0.0,0.0,True,2065,2009
,8,0.976368876080691,0.976916735366859,0.975790513833992,0.976353299826975,0.996999966590062,12145,0.997094430992736,1,0.997094430992736,0.998545101842871,,2065,0.944250871080139,1,0.944250871080139,0.971326164874551,,2009,0.0528435599125967,0.368867694529374,9.96160223748792,0.0,0.0,True,2065,2009
,9,0.977109921778509,0.976950938426078,0.977272727272727,0.977111806356001,0.99684406258766,12145,0.997578692493946,1,0.997578692493946,0.998787878787878,,2065,0.944250871080139,1,0.944250871080139,0.971326164874551,,2009,0.0533278214138073,0.378273305420538,10.0953445821372,0.0,0.0,True,2065,2009
,10,0.977521613832853,0.979335427343362,0.97562582345191,0.977477105849352,0.996745853099975,12145,0.997578692493946,1,0.997578692493946,0.998787878787878,,2065,0.939771030363364,1,0.939771030363364,0.968950474724146,,2009,0.0578076621305818,0.397444078494694,10.5649506669042,0.0,0.0,True,2065,2009
,11,0.97521613832853,0.977652706505545,0.97266139657444,0.975150664575249,0.996639670786285,12145,0.996125907990314,1,0.996125907990314,0.998059194565744,,2065,0.933797909407665,1,0.933797909407665,0.965765765765765,,2009,0.0623279985826492,0.395884423726259,10.7953643648019,0.0,0.0,True,2065,2009
,12,0.977439275421984,0.975869993434011,0.979084321475625,0.977474514962183,0.996367279456988,12145,0.998547215496368,1,0.998547215496368,0.999273079718924,,2065,0.945246391239422,1,0.945246391239422,0.971852610030706,,2009,0.0533008242569454,0.396119967263891,10.2620351820945,0.0,0.0,True,2065,2009
,13,0.975710168793742,0.978624689312344,0.97266139657444,0.975633930783844,0.996439333194053,12145,0.994673123486682,1,0.994673123486682,0.997329448895362,,2065,0.935788949726231,1,0.935788949726231,0.966829519156595,,2009,0.0588841737604508,0.3662838270653,10.3152058378731,0.0,0.0,True,2065,2009
,14,0.975710168793742,0.981176078627353,0.970026350461133,0.975569358178053,0.996311645944912,12145,0.990799031476997,1,0.990799031476997,0.995378253466309,,2065,0.93529118964659,1,0.93529118964659,0.96656378600823,,2009,0.0555078418304072,0.322272825881735,9.43630318263274,0.0,0.0,True,2065,2009
,15,0.974392754219843,0.978726940335715,0.969861660079051,0.974274133509802,0.996262046289251,12145,0.987409200968523,1,0.987409200968523,0.993664717348927,,2065,0.938775510204081,1,0.938775510204081,0.968421052631579,,2009,0.0486336907644413,0.275174705773637,8.26770120780081,2.22044604925031e-16,2.22044604925031e-16,True,2065,2009
,16,0.973734046932894,0.977585920637556,0.969696969696969,0.97362546506821,0.995993587136045,12145,0.991767554479418,1,0.991767554479418,0.99586676391928,,2065,0.934295669487307,1,0.934295669487307,0.966031909418425,,2009,0.0574718849921117,0.336728308348451,9.77018946115614,0.0,0.0,True,2065,2009
,17,0.972828324413338,0.976435446398938,0.969038208168643,0.972722764093238,0.995740490588051,12145,0.99322033898305,1,0.99322033898305,0.996598639455782,,2065,0.933797909407665,1,0.933797909407665,0.965765765765765,,2009,0.0594224295753853,0.355585310274202,10.1676782623685,0.0,0.0,True,2065,2009
,18,0.972004940304652,0.977507497500833,0.966238471673254,0.97184031803876,0.995660843683363,12145,0.989830508474576,1,0.989830508474576,0.994889267461669,,2065,0.930811348929815,1,0.930811348929815,0.964166022170662,,2009,0.0590191595447604,0.330306943650627,9.69578836607818,0.0,0.0,True,2065,2009
,19,0.972416632358995,0.977367282409718,0.967226613965744,0.972270507408327,0.995578051037801,12145,0.988377723970944,1,0.988377723970944,0.994154895275207,,2065,0.931806869089099,1,0.931806869089099,0.964699819634114,,2009,0.0565708548818452,0.312368970768663,9.26585262631893,0.0,0.0,True,2065,2009
,20,0.972251955537258,0.977042089502578,0.967226613965744,0.972109575436563,0.995550702075126,12145,0.989346246973365,1,0.989346246973365,0.994644595910418,,2065,0.926829268292683,1,0.926829268292683,0.962025316455696,,2009,0.0625169786806826,0.341024204381424,10.0047126267385,0.0,0.0,True,2065,2009
,21,0.971675586661177,0.975905616483881,0.967226613965744,0.971546732837055,0.995283761555445,12145,0.991767554479418,1,0.991767554479418,0.99586676391928,,2065,0.924838227974116,1,0.924838227974116,0.960951642099819,,2009,0.0669293265053023,0.373709356677818,10.7412840910635,0.0,0.0,True,2065,2009
,22,0.972004940304652,0.974346242965905,0.969532279314888,0.971933300313686,0.99514072526032,12145,0.991283292978208,1,0.991283292978208,0.995622568093385,,2065,0.932802389248382,1,0.932802389248382,0.96523306721607,,2009,0.0584809037298259,0.33744045788935,9.81590728089494,0.0,0.0,True,2065,2009
,23,0.97274598600247,0.975327040900811,0.970026350461133,0.972669474031871,0.994911411598064,12145,0.990314769975786,1,0.990314769975786,0.995133819951338,,2065,0.933797909407665,1,0.933797909407665,0.965765765765765,,2009,0.0565168605681214,0.323303105702028,9.48624641142491,0.0,0.0,True,2065,2009
,24,0.971922601893783,0.975601659751037,0.968050065876152,0.971811192857733,0.995051071645441,12145,0.990799031476997,1,0.990799031476997,0.995378253466309,,2065,0.931309109009457,1,0.931309109009457,0.964432989690721,,2009,0.0594899224675401,0.33823467800387,9.86227934629601,0.0,0.0,True,2065,2009
,25,0.972663647591601,0.974694012570294,0.970520421607378,0.972602739726027,0.995168928454354,12145,0.993704600484261,1,0.993704600484261,0.996842360942433,,2065,0.933300149328023,1,0.933300149328023,0.965499485066941,,2009,0.0604044511562376,0.363593757742674,10.3357104271951,0.0,0.0,True,2065,2009
,26,0.972828324413338,0.97470238095238,0.970849802371541,0.972772277227722,0.995123138941733,12145,0.994188861985472,1,0.994188861985472,0.997085964060223,,2065,0.933300149328023,1,0.933300149328023,0.965499485066941,,2009,0.0608887126574483,0.369838147060058,10.452859990006,0.0,0.0,True,2065,2009
,27,0.969534787978592,0.974691974691974,0.964097496706192,0.96936578903792,0.994389381323888,12145,0.989830508474576,1,0.989830508474576,0.994889267461669,,2065,0.922349427575908,1,0.922349427575908,0.959606421543241,,2009,0.0674810808986678,0.362762831727865,10.5630832613603,0.0,0.0,True,2065,2009
Llama-3.1-8B,0,0.80988060930424,0.843527478546649,0.760869565217391,0.800069270066672,0.901517280313932,12145,0.900187149095446,1,0.900187149095446,0.947472094550229,,1603,0.459910198845413,1,0.459910198845413,0.630052724077328,,1559,0.440276950250032,1.00818506916663,26.6033277371679,0.0,0.0,True,1603,1559
,1,0.907286949361877,0.929638637943015,0.881258234519104,0.904802164355766,0.970608231167262,12145,0.962570180910792,1,0.962570180910792,0.980928162746344,,1603,0.692110327132777,1,0.692110327132777,0.818043972706595,,1559,0.270459853778014,0.787041632219156,20.205068953076,0.0,0.0,True,1603,1559
,2,0.947879785920131,0.961323155216285,0.933300395256917,0.947104537478064,0.989031398182022,12145,0.988147223955084,1,0.988147223955084,0.99403828051459,,1603,0.815907633098139,1,0.815907633098139,0.898622394913458,,1559,0.172239590856944,0.668730064503167,16.3781152165471,0.0,0.0,True,1603,1559
,3,0.971922601893783,0.974813587406793,0.968873517786561,0.971834475923019,0.996115064258808,12145,0.993761696818465,1,0.993761696818465,0.996871088861076,,1603,0.905708787684413,1,0.905708787684413,0.950521709861999,,1559,0.0880529091340522,0.466092300933294,11.3957364353024,0.0,0.0,True,1603,1559
,4,0.978262659530671,0.974509803921568,0.982213438735177,0.978346456692913,0.997607704743798,12145,0.997504678727386,1,0.997504678727386,0.998750780762023,,1603,0.940346375881975,1,0.940346375881975,0.969256198347107,,1559,0.0571583028454104,0.393525666192778,9.21542477194136,0.0,0.0,True,1603,1559
,5,0.982461918484973,0.977350496985497,0.987812911725955,0.982553853714472,0.998428851585464,12145,0.998128509045539,1,0.998128509045539,0.999063378083047,,1603,0.960872354073123,1,0.960872354073123,0.980045796532548,,1559,0.0372561549724158,0.311692132020835,7.31139349270349,2.64455124465712e-13,4.23128199145139e-13,True,1603,1559
,6,0.98262659530671,0.979859177992467,0.985507246376811,0.982675096477543,0.998250995193091,12145,0.995633187772925,1,0.995633187772925,0.99781181619256,,1603,0.95445798588839,1,0.95445798588839,0.976698391860846,,1559,0.0411752018845357,0.297859294287315,7.34814170283598,2.00950367457153e-13,3.38442724138363e-13,True,1603,1559
,7,0.985014409221902,0.986134037636183,0.983860342555994,0.984995877988458,0.998829540329157,12145,0.996257018091079,1,0.996257018091079,0.998125,,1603,0.953175112251443,1,0.953175112251443,0.976026272577996,,1559,0.043081905839636,0.313795597436738,7.64611266234368,2.06501482580279e-14,4.57411886145564e-14,True,1603,1559
,8,0.983202964182791,0.97894221351616,0.987648221343873,0.983275946876537,0.998602030044211,12145,0.996880848409232,1,0.996880848409232,0.998437988128709,,1603,0.962796664528544,1,0.962796664528544,0.981045751633986,,1559,0.0340841838806886,0.276439345820984,6.72985858834605,1.6982859563086e-11,1.81150502006251e-11,True,1603,1559
,9,0.984355701934952,0.981973123566043,0.986824769433465,0.984392968621652,0.998641921292695,12145,0.998752339363693,1,0.998752339363693,0.999375780274656,,1603,0.959589480436177,1,0.959589480436177,0.97937806873977,,1559,0.039162858927516,0.334146462820076,7.6338745669896,2.28705943072782e-14,4.57411886145564e-14,True,1603,1559
,10,0.984108686702346,0.981175315108855,0.987154150197628,0.9841556522453,0.998715764847842,12145,0.998752339363693,1,0.998752339363693,0.999375780274656,,1603,0.959589480436177,1,0.959589480436177,0.97937806873977,,1559,0.039162858927516,0.334146462820076,7.6338745669896,2.28705943072782e-14,4.57411886145564e-14,True,1603,1559
,11,0.985837793330588,0.986317177711836,0.985342555994729,0.985829625968034,0.998652497490458,12145,0.995009357454772,1,0.995009357454772,0.997498436522826,,1603,0.95638229634381,1,0.95638229634381,0.977704918032786,,1559,0.0386270611109621,0.27938798458312,6.97406354205429,3.0790925364954e-12,3.78965235260973e-12,True,1603,1559
,12,0.98575545491972,0.985035356026969,0.986495388669301,0.985764831728791,0.998715941117805,12145,0.996257018091079,1,0.996257018091079,0.998125,,1603,0.96023091725465,1,0.96023091725465,0.979712041884816,,1559,0.0360261008364288,0.279099523118319,6.85929135405025,6.92024215709352e-12,7.80445440074706e-12,True,1603,1559
,13,0.985590778097982,0.985030432636946,0.986166007905138,0.985597893177516,0.998750991721928,12145,0.996880848409232,1,0.996880848409232,0.998437988128709,,1603,0.958948043617703,1,0.958948043617703,0.979043876882776,,1559,0.0379328047915289,0.296293825050209,7.17739869859924,7.105427357601e-13,1.03351670656014e-12,True,1603,1559
,14,0.985261424454508,0.985340141657058,0.985177865612648,0.985258996952977,0.998838096201962,12145,0.995633187772925,1,0.995633187772925,0.99781181619256,,1603,0.95638229634381,1,0.95638229634381,0.977704918032786,,1559,0.0392508914291156,0.288534630987839,7.13451545722847,9.71223101942087e-13,1.35126692444116e-12,True,1603,1559
,15,0.98328530259366,0.978789362049273,0.987977602108036,0.983362019506597,0.998621514654705,12145,0.996880848409232,1,0.996880848409232,0.998437988128709,,1603,0.963438101347017,1,0.963438101347017,0.981378634433191,,1559,0.0334427470622152,0.273035989540679,6.65275902145859,2.87649903896181e-11,2.96928933054122e-11,True,1603,1559
,16,0.982955948950185,0.97940166748406,0.986660079051383,0.983017474772335,0.998550193115947,12145,0.995633187772925,1,0.995633187772925,0.99781181619256,,1603,0.96215522771007,1,0.96215522771007,0.9807126511932,,1559,0.0334779600628551,0.259311392217385,6.45909825555242,1.05328634703028e-10,1.05328634703028e-10,True,1603,1559
,17,0.981226842321943,0.976983349657198,0.985671936758893,0.981308411214953,0.998374967213786,12145,0.996257018091079,1,0.996257018091079,0.998125,,1603,0.959589480436177,1,0.959589480436177,0.97937806873977,,1559,0.0366675376549021,0.282369351916901,6.93393261246629,4.0929482025831e-12,4.85090157343182e-12,True,1603,1559
,18,0.981144503911074,0.977447295309691,0.985013175230566,0.98121565089,0.998093613234847,12145,0.996257018091079,1,0.996257018091079,0.998125,,1603,0.95445798588839,1,0.95445798588839,0.976698391860846,,1559,0.0417990322026892,0.30768310376595,7.50828380317084,5.99520433297584e-14,1.1285090509131e-13,True,1603,1559
,19,0.981144503911074,0.977291292272504,0.985177865612648,0.981218732059378,0.998052108438243,12145,0.995633187772925,1,0.995633187772925,0.99781181619256,,1603,0.955740859525336,1,0.955740859525336,0.977369629386684,,1559,0.039892328247589,0.291664250450868,7.20630953124847,5.74873482150906e-13,8.75997687087095e-13,True,1603,1559
,20,0.981144503911074,0.977603400359653,0.984848484848484,0.981212568709492,0.998059701605868,12145,0.994385527136618,1,0.994385527136618,0.997184860807006,,1603,0.95445798588839,1,0.95445798588839,0.976698391860846,,1559,0.0399275412482288,0.280119234568584,7.03470214298335,1.9968471320908e-12,2.66246284278774e-12,True,1603,1559
,21,0.981144503911074,0.980747079150896,0.981554677206851,0.981150711992756,0.997908516214775,12145,0.994385527136618,1,0.994385527136618,0.997184860807006,,1603,0.948043617703656,1,0.948043617703656,0.97332894303589,,1559,0.0463419094329626,0.30992158785716,7.72757506286831,1.08801856413265e-14,2.8421709430404e-14,True,1603,1559
,22,0.980815150267599,0.980101956914981,0.981554677206851,0.980827779149181,0.997622362269159,12145,0.993761696818465,1,0.993761696818465,0.996871088861076,,1603,0.950609364977549,1,0.950609364977549,0.974679381782308,,1559,0.0431523318409157,0.290092170499806,7.41639468586989,1.20348175869366e-13,2.13952312656652e-13,True,1603,1559
,23,0.979991766158913,0.981655924640555,0.978260869565217,0.979955456570155,0.997502241069187,12145,0.988771054273237,1,0.988771054273237,0.99435382685069,,1603,0.945477870429762,1,0.945477870429762,0.971974942301351,,1559,0.0432931838434749,0.259018656648444,6.85617550801517,7.07278680067702e-12,7.80445440074706e-12,True,1603,1559
,24,0.981473857554549,0.9817103311913,0.981225296442687,0.981467753891771,0.997526783271687,12145,0.991890205864005,1,0.991890205864005,0.995928593798935,,1603,0.950609364977549,1,0.950609364977549,0.974679381782308,,1559,0.0412808408864553,0.26786960801485,6.97890724747001,2.97495361678556e-12,3.78965235260973e-12,True,1603,1559
,25,0.981803211198023,0.98093046194312,0.982707509881423,0.981818181818181,0.997713358247601,12145,0.995009357454772,1,0.995009357454772,0.997498436522826,,1603,0.948685054522129,1,0.948685054522129,0.973666886109282,,1559,0.0463243029326426,0.315616366918259,7.80934320083065,5.77315972805081e-15,1.67946464816023e-14,True,1603,1559
,26,0.980815150267599,0.986016314299983,0.975461133069828,0.980710323702293,0.997804747443651,12145,0.993137866500311,1,0.993137866500311,0.996557120500782,,1603,0.933290570878768,1,0.933290570878768,0.965494359654943,,1559,0.0598472956215434,0.356620167165332,8.98731853574555,0.0,0.0,True,1603,1559
,27,0.980568135034993,0.985362608117099,0.97562582345191,0.980470043032108,0.997716029415497,12145,0.988771054273237,1,0.988771054273237,0.99435382685069,,1603,0.937139191789608,1,0.937139191789608,0.967549668874172,,1559,0.0516318624836289,0.294516983869463,7.72137417676125,1.15463194561016e-14,2.8421709430404e-14,True,1603,1559
,28,0.980321119802387,0.976786006212195,0.984025032938076,0.980392156862745,0.997468641302449,12145,0.998752339363693,1,0.998752339363693,0.999375780274656,,1603,0.944194996792815,1,0.944194996792815,0.97129660178159,,1559,0.0545573425708771,0.406310922502365,9.1660511889745,0.0,0.0,True,1603,1559
,29,0.97892136681762,0.975474166121648,0.982542819499341,0.978995733508368,0.997566010118004,12145,0.996880848409232,1,0.996880848409232,0.998437988128709,,1603,0.942270686337395,1,0.942270686337395,0.970277410832232,,1559,0.0546101620718368,0.3735295591997,8.8892486888108,0.0,0.0,True,1603,1559
,30,0.979415397282832,0.975653594771241,0.983366271409749,0.979494750656168,0.997584979477837,12145,0.996880848409232,1,0.996880848409232,0.998437988128709,,1603,0.946760744066709,1,0.946760744066709,0.972652388797364,,1559,0.0501201043425232,0.353911859032927,8.45809857230972,0.0,0.0,True,1603,1559
,31,0.978839028406751,0.980023113752682,0.97760210803689,0.978811113859345,0.997546566185194,12145,0.991266375545851,1,0.991266375545851,0.995614035087719,,1603,0.937780628608082,1,0.937780628608082,0.967891426679907,,1559,0.0534857469377694,0.317019101055195,8.17007839054207,2.22044604925031e-16,7.105427357601e-16,True,1603,1559
Qwen2.5-1.5B,0,0.763688760806916,0.780385288966725,0.733860342555994,0.75640808012222,0.852351126728448,12145,0.887651331719128,1,0.887651331719128,0.940482298614674,,2065,0.594823295171727,1,0.594823295171727,0.745942571785268,,2009,0.292828036547401,0.696391970685457,21.3909162082858,0.0,0.0,True,2065,2009
,1,0.842651296829971,0.878616924476797,0.795125164690382,0.834788622806259,0.923435677300789,12145,0.937530266343825,1,0.937530266343825,0.967758060484878,,2065,0.62966650074664,1,0.62966650074664,0.77275503970678,,2009,0.307863765597185,0.803229353855358,23.9424796448062,0.0,0.0,True,2065,2009
,2,0.879785920131741,0.918359941944847,0.833662714097496,0.87396408839779,0.951940726865733,12145,0.942372881355932,1,0.942372881355932,0.970331588132635,,2065,0.694375311100049,1,0.694375311100049,0.819623971797884,,2009,0.247997570255882,0.686673076976581,20.6023949996436,0.0,0.0,True,2065,2009
,3,0.902346644709757,0.925758103868943,0.874835309617918,0.899576629974597,0.967905714335922,12145,0.962711864406779,1,0.962711864406779,0.981001727115716,,2065,0.751119960179193,1,0.751119960179193,0.857873791927231,,2009,0.211591904227586,0.655965134689947,19.3652823286925,0.0,0.0,True,2065,2009
,4,0.914779744750926,0.91856406847266,0.91024374176548,0.914384978079245,0.972755009483866,12145,0.980629539951573,1,0.980629539951573,0.990220048899755,,2065,0.804878048780487,1,0.804878048780487,0.891891891891891,,2009,0.175751491171086,0.635781330016492,18.2157762498521,0.0,0.0,True,2065,2009
,5,0.92564841498559,0.923202881938758,0.928524374176548,0.925855981607685,0.977992884984988,12145,0.981113801452784,1,0.981113801452784,0.99046687851381,,2065,0.846689895470383,1,0.846689895470383,0.916981132075471,,2009,0.134423905982401,0.528900641332115,15.3671236417597,0.0,0.0,True,2065,2009
,6,0.934623301770275,0.949574105621805,0.91798418972332,0.933511974543627,0.981902959534708,12145,0.980629539951573,1,0.980629539951573,0.990220048899755,,2065,0.816326530612244,1,0.816326530612244,0.898876404494382,,2009,0.164303009339328,0.606559917126639,17.4464625750271,0.0,0.0,True,2065,2009
,7,0.94055166735282,0.943762441937624,0.936923583662714,0.940330578512396,0.984683333452654,12145,0.984987893462469,1,0.984987893462469,0.992437179799951,,2065,0.86112493777999,1,0.86112493777999,0.925381117945974,,2009,0.123862955682479,0.518081417496809,14.9072073943672,0.0,0.0,True,2065,2009
,8,0.941292713050638,0.950109188644381,0.931488801054018,0.94070686070686,0.985289959749703,12145,0.976755447941888,1,0.976755447941888,0.988241058304752,,2065,0.859631657541065,1,0.859631657541065,0.924518201284796,,2009,0.117123790400823,0.461937855884087,13.6987436133172,0.0,0.0,True,2065,2009
,9,0.942033758748456,0.951395896400941,0.9316534914361,0.941421201531036,0.985856179547607,12145,0.984503631961259,1,0.984503631961259,0.992191312835529,,2065,0.847685415629666,1,0.847685415629666,0.917564655172413,,2009,0.136818216331592,0.552244182402752,15.8286052777636,0.0,0.0,True,2065,2009
,10,0.945244956772334,0.948564791770366,0.941534914361001,0.945036779899165,0.98659027614615,12145,0.988377723970944,1,0.988377723970944,0.994154895275207,,2065,0.865107018417122,1,0.865107018417122,0.927675473712303,,2009,0.123270705553821,0.53612797797529,15.1782232530646,0.0,0.0,True,2065,2009
,11,0.943351173322354,0.951981195433176,0.933794466403162,0.942800133022946,0.986812037318466,12145,0.983535108958837,1,0.983535108958837,0.99169921875,,2065,0.856147336983573,1,0.856147336983573,0.922499329578975,,2009,0.127387771975263,0.520693507859382,15.0457366958244,0.0,0.0,True,2065,2009
,12,0.94425689584191,0.950860772187865,0.936923583662714,0.943840729987557,0.986940239818267,12145,0.984987893462469,1,0.984987893462469,0.992437179799951,,2065,0.856147336983573,1,0.856147336983573,0.922499329578975,,2009,0.128840556478895,0.532369097601285,15.2823794020818,0.0,0.0,True,2065,2009
,13,0.945903664059283,0.950874271440466,0.940382081686429,0.945599072617371,0.987933602413499,12145,0.977239709443099,1,0.977239709443099,0.988488856233161,,2065,0.875062220009955,1,0.875062220009955,0.933368728431112,,2009,0.102177489433144,0.419659349136921,12.5225164663518,0.0,0.0,True,2065,2009
,14,0.944668587896253,0.954545454545454,0.933794466403162,0.944055944055944,0.987761495133755,12145,0.983050847457627,1,0.983050847457627,0.991452991452991,,2065,0.854156296665007,1,0.854156296665007,0.921342281879194,,2009,0.128894550792619,0.522572410443111,15.1173009041344,0.0,0.0,True,2065,2009
,15,0.948291477974475,0.953364423717521,0.942687747035573,0.947996025173898,0.987982863088462,12145,0.980629539951573,1,0.980629539951573,0.990220048899755,,2065,0.877551020408163,1,0.877551020408163,0.934782608695652,,2009,0.10307851954341,0.43572440701624,12.8748055744805,0.0,0.0,True,2065,2009
,16,0.946397694524495,0.951223572498751,0.941040843214756,0.946104810000827,0.987033147647842,12145,0.984987893462469,1,0.984987893462469,0.992437179799951,,2065,0.871080139372822,1,0.871080139372822,0.931098696461825,,2009,0.113907754089647,0.4888433710967,14.136413330052,0.0,0.0,True,2065,2009
,17,0.949361877315767,0.956499916345993,0.941534914361001,0.948958419785874,0.988286020305865,12145,0.987409200968523,1,0.987409200968523,0.993664717348927,,2065,0.867098058735689,1,0.867098058735689,0.928818981604905,,2009,0.120311142232833,0.521423354973467,14.8603558693655,0.0,0.0,True,2065,2009
,18,0.945409633594071,0.9517287456155,0.938405797101449,0.945020316775852,0.987430229636914,12145,0.981598062953995,1,0.981598062953995,0.990713587487781,,2065,0.864609258337481,1,0.864609258337481,0.92738921516284,,2009,0.116988804616513,0.481470579535412,14.0798866265401,0.0,0.0,True,2065,2009
,19,0.944586249485384,0.949691820756288,0.938899868247694,0.944265010351966,0.98673314973054,12145,0.980145278450363,1,0.980145278450363,0.989973098557104,,2065,0.865107018417122,1,0.865107018417122,0.927675473712303,,2009,0.11503826003324,0.46940659807066,13.8043550354218,0.0,0.0,True,2065,2009
,20,0.942445450802799,0.95143673332213,0.932476943346508,0.941861432254844,0.985823691637557,12145,0.974334140435835,1,0.974334140435835,0.98700024527839,,2065,0.860627177700348,1,0.860627177700348,0.925093632958801,,2009,0.113706962735486,0.443386773318281,13.2443789073553,0.0,0.0,True,2065,2009
,21,0.94302181967888,0.946102819237147,0.939558629776021,0.942819368699388,0.986282508791261,12145,0.984503631961259,1,0.984503631961259,0.992191312835529,,2065,0.867098058735689,1,0.867098058735689,0.928818981604905,,2009,0.117405573225569,0.496698073217026,14.3666380326898,0.0,0.0,True,2065,2009
,22,0.936681762041992,0.928421392793666,0.94631093544137,0.937280809069407,0.984743536424533,12145,0.990799031476997,1,0.990799031476997,0.995378253466309,,2065,0.87655550024888,1,0.87655550024888,0.934217506631299,,2009,0.114243531228117,0.525879456548893,14.7314351456703,0.0,0.0,True,2065,2009
,23,0.940222313709345,0.938772160210111,0.941864295125164,0.940315685629727,0.983928789538437,12145,0.987409200968523,1,0.987409200968523,0.993664717348927,,2065,0.865604778496764,1,0.865604778496764,0.927961579509071,,2009,0.121804422471758,0.525811830252747,14.9743070214123,0.0,0.0,True,2065,2009
,24,0.940057636887608,0.938752052545156,0.941534914361001,0.940141424107877,0.983842146072152,12145,0.98547215496368,1,0.98547215496368,0.992682926829268,,2065,0.872075659532105,1,0.872075659532105,0.93166710981122,,2009,0.113396495431574,0.489882287674543,14.1407205722532,0.0,0.0,True,2065,2009
,25,0.936434746809386,0.937871777924653,0.934782608695652,0.936324645331573,0.982646330645135,12145,0.983535108958837,1,0.983535108958837,0.99169921875,,2065,0.859631657541065,1,0.859631657541065,0.924518201284796,,2009,0.123903451417772,0.510714282696134,14.7816183055982,0.0,0.0,True,2065,2009
,26,0.936928777274598,0.941137346192218,0.932147562582345,0.936620883667052,0.983208658944632,12145,0.985956416464891,1,0.985956416464891,0.992928554011216,,2065,0.850671976107516,1,0.850671976107516,0.919311457772996,,2009,0.135284440357374,0.555945644152697,15.8447174152558,0.0,0.0,True,2065,2009
,27,0.931823795800741,0.93758344459279,0.925230566534914,0.931366047745358,0.980848241433225,12145,0.984503631961259,1,0.984503631961259,0.992191312835529,,2065,0.846689895470383,1,0.846689895470383,0.916981132075471,,2009,0.137813736490875,0.55501100653871,15.9010718917698,0.0,0.0,True,2065,2009
Qwen2.5-3B,0,0.791601482091395,0.817806497935738,0.750329380764163,0.782616164218844,0.883324348988926,12145,0.913317191283293,1,0.913317191283293,0.954695013920526,,2065,0.581881533101045,1,0.581881533101045,0.73568281938326,,2009,0.331435658182247,0.808596348793003,24.421202256533,0.0,0.0,True,2065,2009
,1,0.85631947303417,0.860523246125645,0.850461133069828,0.855462602501449,0.934675951808985,12145,0.959806295399515,1,0.959806295399515,0.97949098097356,,2065,0.712294673967147,1,0.712294673967147,0.831976744186046,,2009,0.247511621432367,0.728584862978314,21.4233424513344,0.0,0.0,True,2065,2009
,2,0.87303417044051,0.873515831134564,0.872364953886693,0.872940013183915,0.950528723109068,12145,0.964164648910411,1,0.964164648910411,0.981755424063116,,2065,0.761572921851667,1,0.761572921851667,0.864651031364792,,2009,0.202591727058744,0.639355240548627,18.8749859599747,0.0,0.0,True,2065,2009
,3,0.881020996294771,0.885904920767306,0.874670619235836,0.880251926742355,0.953217029869568,12145,0.978692493946731,1,0.978692493946731,0.989231522271169,,2065,0.746640119462419,1,0.746640119462419,0.85494442861214,,2009,0.232052374484312,0.761950993272534,21.6197639161255,0.0,0.0,True,2065,2009
,4,0.890078221490325,0.887326246933769,0.89361001317523,0.890457044391564,0.959079375611656,12145,0.979661016949152,1,0.979661016949152,0.98972602739726,,2065,0.786958685913389,1,0.786958685913389,0.880779944289693,,2009,0.192702331035762,0.673309371333377,19.2489106564251,0.0,0.0,True,2065,2009
,5,0.89534787978592,0.89553468446202,0.895092226613965,0.895313400873074,0.96419929938927,12145,0.973849878934624,1,0.973849878934624,0.98675171736997,,2065,0.788949726231956,1,0.788949726231956,0.882025598219254,,2009,0.184900152702668,0.629797438636737,18.3347076179454,0.0,0.0,True,2065,2009
,6,0.910909839440098,0.914865314266711,0.906126482213438,0.910474929670693,0.971167928976547,12145,0.984503631961259,1,0.984503631961259,0.992191312835529,,2065,0.805375808860129,1,0.805375808860129,0.89219740832644,,2009,0.179127823101129,0.664170495465541,18.7390451067888,0.0,0.0,True,2065,2009
,7,0.917826265953067,0.921148738379814,0.913866930171278,0.917493386243386,0.975879299658285,12145,0.981113801452784,1,0.981113801452784,0.99046687851381,,2065,0.821304131408661,1,0.821304131408661,0.901885761136922,,2009,0.159809670044123,0.59717199633063,17.176484275192,0.0,0.0,True,2065,2009
,8,0.929106628242074,0.935775213246362,0.921442687747035,0.928553647000248,0.981009460652964,12145,0.984503631961259,1,0.984503631961259,0.992191312835529,,2065,0.83026381284221,1,0.83026381284221,0.907261354364971,,2009,0.154239819119049,0.599658671110347,17.0664446864394,0.0,0.0,True,2065,2009
,9,0.940386990531082,0.94971409350824,0.930006587615283,0.939757031119986,0.985938795923206,12145,0.969975786924939,1,0.969975786924939,0.984759095378564,,2065,0.866102538576406,1,0.866102538576406,0.92824753267538,,2009,0.103873248348533,0.400934454014465,12.132220962273,0.0,0.0,True,2065,2009
,10,0.947303417044051,0.953422370617696,0.940546772068511,0.946940805836511,0.988587211435223,12145,0.982566585956416,1,0.982566585956416,0.991206643869076,,2065,0.879044300647088,1,0.879044300647088,0.935629139072847,,2009,0.103522285309328,0.445574468850139,13.0793562076239,0.0,0.0,True,2065,2009
,11,0.948620831617949,0.952341414812354,0.944499341238471,0.948404167355713,0.989978035677908,12145,0.988861985472155,1,0.988861985472155,0.994399805210616,,2065,0.881533101045296,1,0.881533101045296,0.937037037037037,,2009,0.107328884426858,0.49128493076165,13.9869643430845,0.0,0.0,True,2065,2009
,12,0.953478797859201,0.954898397488848,0.951910408432147,0.95340206185567,0.990248284649196,12145,0.989346246973365,1,0.989346246973365,0.994644595910418,,2065,0.895968143354902,1,0.895968143354902,0.945129955368863,,2009,0.0933781036184626,0.450020360329187,12.8844052548272,0.0,0.0,True,2065,2009
,13,0.956854672704816,0.957453825857519,0.956192358366271,0.956822676334871,0.991202393279656,12145,0.989346246973365,1,0.989346246973365,0.994644595910418,,2065,0.908909905425584,1,0.908909905425584,0.952281616688396,,2009,0.0804363415477806,0.406381722579164,11.7418498597053,0.0,0.0,True,2065,2009
,14,0.957348703170028,0.95840211290855,0.956192358366271,0.957295960428689,0.991454079667948,12145,0.987409200968523,1,0.987409200968523,0.993664717348927,,2065,0.911398705823792,1,0.911398705823792,0.953645833333333,,2009,0.0760104951447301,0.37958950206542,11.1215035314375,0.0,0.0,True,2065,2009
,15,0.957348703170028,0.959616021185038,0.954874835309617,0.957239557536734,0.991634552991306,12145,0.987409200968523,1,0.987409200968523,0.993664717348927,,2065,0.906421105027376,1,0.906421105027376,0.950913838120104,,2009,0.0809880959411462,0.39689014746031,11.5846030823896,0.0,0.0,True,2065,2009
,16,0.957431041580897,0.959318670415081,0.955368906455863,0.957339714497895,0.991806687389506,12145,0.990314769975786,1,0.990314769975786,0.995133819951338,,2065,0.902439024390243,1,0.902439024390243,0.948717948717948,,2009,0.087875745585543,0.438180141331006,12.5147317284249,0.0,0.0,True,2065,2009
,17,0.958913132976533,0.959136595814796,0.958662714097496,0.958899596408862,0.991894008817186,12145,0.991767554479418,1,0.991767554479418,0.99586676391928,,2065,0.911896465903434,1,0.911896465903434,0.95391825045561,,2009,0.0798710885759843,0.421011149858416,11.9683252902054,0.0,0.0,True,2065,2009
,18,0.958172087278715,0.961359867330016,0.954710144927536,0.958023467195504,0.991667135815952,12145,0.98547215496368,1,0.98547215496368,0.992682926829268,,2065,0.910900945744151,1,0.910900945744151,0.953373274290179,,2009,0.0745712092195289,0.364579453895098,10.7865808248094,0.0,0.0,True,2065,2009
,19,0.960642239604775,0.960032894736842,0.961297760210803,0.96066491112574,0.992188962701709,12145,0.994188861985472,1,0.994188861985472,0.997085964060223,,2065,0.915878546540567,1,0.915878546540567,0.956092491556248,,2009,0.0783103154449047,0.435921278921198,12.1282458745151,0.0,0.0,True,2065,2009
,20,0.959242486620008,0.962207856787667,0.956027667984189,0.959107806691449,0.991847175244017,12145,0.986924939467312,1,0.986924939467312,0.993419449183524,,2065,0.910900945744151,1,0.910900945744151,0.953373274290179,,2009,0.0760239937231609,0.377036233436386,11.0722108162603,0.0,0.0,True,2065,2009
,21,0.95907780979827,0.956144657175585,0.962285902503293,0.959205450217516,0.991854795530097,12145,0.994188861985472,1,0.994188861985472,0.997085964060223,,2065,0.91687406669985,1,0.91687406669985,0.956634640353155,,2009,0.0773147952856214,0.432325025541813,12.0376821702432,0.0,0.0,True,2065,2009
,22,0.957760395224372,0.959649412932032,0.955698287220026,0.957669774733888,0.991783473991339,12145,0.987893462469733,1,0.987893462469733,0.993909866017052,,2065,0.910403185664509,1,0.910403185664509,0.953100573215216,,2009,0.0774902768052239,0.387469151204718,11.3117923854538,0.0,0.0,True,2065,2009
,23,0.957101687937422,0.960663900414937,0.953227931488801,0.956931470612548,0.992075227898078,12145,0.979176755447941,1,0.979176755447941,0.989478835331539,,2065,0.912394225983076,1,0.912394225983076,0.954190525767829,,2009,0.0667825294648657,0.311352009186868,9.44907126640398,0.0,0.0,True,2065,2009
,24,0.957101687937422,0.95807889090609,0.956027667984189,0.957052180364355,0.992003472464028,12145,0.984019370460048,1,0.984019370460048,0.991945325848181,,2065,0.916376306620209,1,0.916376306620209,0.956363636363636,,2009,0.0676430638398393,0.333227962055326,9.96694362701265,0.0,0.0,True,2065,2009
,25,0.95850144092219,0.95910290237467,0.957839262187088,0.958470665787739,0.991844070180828,12145,0.989346246973365,1,0.989346246973365,0.994644595910418,,2065,0.909407665505226,1,0.909407665505226,0.952554744525547,,2009,0.0799385814681391,0.404649677816179,11.6962429254436,0.0,0.0,True,2065,2009
,26,0.957184026348291,0.96082337317397,0.953227931488801,0.957010582010582,0.99143029678221,12145,0.984019370460048,1,0.984019370460048,0.991945325848181,,2065,0.907914385266301,1,0.907914385266301,0.951734933472475,,2009,0.0761049851937467,0.363128132804313,10.7913767533661,0.0,0.0,True,2065,2009
,27,0.956689995883079,0.958498677248677,0.954710144927536,0.956600660066006,0.991442852627246,12145,0.986924939467312,1,0.986924939467312,0.993419449183524,,2065,0.903434544549527,1,0.903434544549527,0.949267782426778,,2009,0.0834903949177852,0.402769851227573,11.7625472953236,0.0,0.0,True,2065,2009
,28,0.954055166735282,0.961191033790565,0.94631093544137,0.953692946058091,0.991388371649541,12145,0.972881355932203,1,0.972881355932203,0.986254295532646,,2065,0.90443006470881,1,0.90443006470881,0.949817041296393,,2009,0.068451291223393,0.297723494444072,9.13574208360087,0.0,0.0,True,2065,2009
,29,0.952161383285302,0.96011396011396,0.943511198945981,0.951740177755627,0.990076190928681,12145,0.974818401937046,1,0.974818401937046,0.987248651299656,,2065,0.897959183673469,1,0.897959183673469,0.946236559139785,,2009,0.0768592182635766,0.331551769461632,10.0885518408465,0.0,0.0,True,2065,2009
,30,0.955290242898312,0.955361554933289,0.955204216073781,0.955282879024952,0.990772714906711,12145,0.990799031476997,1,0.990799031476997,0.995378253466309,,2065,0.905425584868093,1,0.905425584868093,0.950365726227795,,2009,0.085373446608904,0.433052536157016,12.3491035183366,0.0,0.0,True,2065,2009
,31,0.951585014409221,0.949508196721311,0.953886693017127,0.951692408807098,0.989657197227322,12145,0.993704600484261,1,0.993704600484261,0.996842360942433,,2065,0.898954703832752,1,0.898954703832752,0.946788990825688,,2009,0.0947498966515087,0.488123299380111,13.4937067104066,0.0,0.0,True,2065,2009
,32,0.951255660765747,0.948151782793588,0.954710144927536,0.951419661907106,0.990016123549081,12145,0.991767554479418,1,0.991767554479418,0.99586676391928,,2065,0.900945744151319,1,0.900945744151319,0.94789211835559,,2009,0.0908218103280997,0.45862640845147,12.9342924349885,0.0,0.0,True,2065,2009
,33,0.948950185261424,0.948207826372903,0.949769433465085,0.948987987493829,0.988445097167596,12145,0.988861985472155,1,0.988861985472155,0.994399805210616,,2065,0.897461423593827,1,0.897461423593827,0.945960125918153,,2009,0.0914005618783272,0.44044853864862,12.6631998516681,0.0,0.0,True,2065,2009
,34,0.948373816385343,0.948739080270314,0.947957839262187,0.948348298871406,0.98805986594371,12145,0.987893462469733,1,0.987893462469733,0.993909866017052,,2065,0.88601294176207,1,0.88601294176207,0.939561889680654,,2009,0.101880520707662,0.468268028467173,13.4463101657947,0.0,0.0,True,2065,2009
,35,0.948373816385343,0.951867219917012,0.944499341238471,0.948168967512606,0.987354026776112,12145,0.983050847457627,1,0.983050847457627,0.991452991452991,,2065,0.886510701841712,1,0.886510701841712,0.939841688654353,,2009,0.0965401456159148,0.426087111929439,12.5363500290104,0.0,0.0,True,2065,2009
Qwen3-4B-Base,0,0.79934129271305,0.834529725750046,0.746706192358366,0.788179052585832,0.886952052617614,12145,0.872738615096693,1,0.872738615096693,0.932045303131245,,1603,0.483643361128928,1,0.483643361128928,0.651967142239515,,1559,0.389095253967764,0.873969660886613,23.4670817918248,0.0,0.0,True,1603,1559
,1,0.866117743927542,0.88104216660953,0.846508563899868,0.863430203258861,0.94060891400998,12145,0.931378665003119,1,0.931378665003119,0.964470284237726,,1603,0.651699807568954,1,0.651699807568954,0.789126213592233,,1559,0.279678857434164,0.732439517044353,19.4233200793528,0.0,0.0,True,1603,1559
,2,0.892960065870728,0.901413189771197,0.882411067193675,0.891810918774966,0.960304492530167,12145,0.961322520274485,1,0.961322520274485,0.980279898218829,,1603,0.706863373957665,1,0.706863373957665,0.8282600526118,,1559,0.25445914631682,0.748340025160591,19.3133031274069,0.0,0.0,True,1603,1559
,3,0.913791683820502,0.918540729635182,0.908102766798419,0.913291925465838,0.973023075419463,12145,0.971927635683094,1,0.971927635683094,0.985763998734577,,1603,0.767799871712636,1,0.767799871712636,0.868650217706821,,1559,0.204127763970457,0.668894382325295,17.1362118929686,0.0,0.0,True,1603,1559
,4,0.930671058048579,0.937144767636242,0.923254281949934,0.930147668823627,0.98074266928479,12145,0.976918278228321,1,0.976918278228321,0.988324392552855,,1603,0.802437459910198,1,0.802437459910198,0.890391459074733,,1559,0.174480818318123,0.616152923435941,15.7331422733148,0.0,0.0,True,1603,1559
,5,0.941622066694112,0.948186528497409,0.934288537549407,0.941186229780174,0.985296088520714,12145,0.982532751091703,1,0.982532751091703,0.991189427312775,,1603,0.818473380372033,1,0.818473380372033,0.900176366843033,,1559,0.164059370719669,0.615162084947277,15.4879161877111,0.0,0.0,True,1603,1559
,6,0.941045697818032,0.957777777777777,0.922760210803689,0.939942962590169,0.985003887159454,12145,0.978165938864628,1,0.978165938864628,0.988962472406181,,1603,0.797305965362411,1,0.797305965362411,0.887223411848679,,1559,0.180859973502216,0.637400235721333,16.1856160285913,0.0,0.0,True,1603,1559
,7,0.948044462741869,0.960399390759857,0.93461791831357,0.947333277689675,0.987674702515963,12145,0.976294447910168,1,0.976294447910168,0.98800505050505,,1603,0.82937780628608,1,0.82937780628608,0.906732117812061,,1559,0.146916641624087,0.542470821128389,14.0111518458012,0.0,0.0,True,1603,1559
,8,0.95356113627007,0.958236272878535,0.948451910408432,0.953318986922694,0.990013411703501,12145,0.981908920773549,1,0.981908920773549,0.99087189172175,,1603,0.868505452212957,1,0.868505452212957,0.929625815310676,,1559,0.113403468560592,0.47233527477431,12.1787754967188,0.0,0.0,True,1603,1559
,9,0.954219843557019,0.959666666666666,0.94828722002635,0.953943008614976,0.99002904549327,12145,0.989394884591391,1,0.989394884591391,0.994669175290059,,1603,0.860166773572803,1,0.860166773572803,0.924827586206896,,1559,0.129228111018588,0.560185181771989,13.8510422920215,0.0,0.0,True,1603,1559
,10,0.954631535611362,0.963404398187006,0.945158102766798,0.954194031091528,0.990522113256651,12145,0.978789769182782,1,0.978789769182782,0.989281210592686,,1603,0.864015394483643,1,0.864015394483643,0.927047487955953,,1559,0.114774374699138,0.463036979006027,12.0463193876217,0.0,0.0,True,1603,1559
,11,0.955948950185261,0.959197213468236,0.952404479578392,0.955788777786959,0.990489598228145,12145,0.980037429819089,1,0.980037429819089,0.989918084436042,,1603,0.883899935856318,1,0.883899935856318,0.938372488934286,,1559,0.0961374939627711,0.411869645918137,10.7829194422252,0.0,0.0,True,1603,1559
,12,0.954878550843968,0.959261722647156,0.950098814229249,0.95465828231011,0.991362554879618,12145,0.978165938864628,1,0.978165938864628,0.988962472406181,,1603,0.876202694034637,1,0.876202694034637,0.934017094017094,,1559,0.101963244829991,0.422476911812036,11.0819687488358,0.0,0.0,True,1603,1559
,13,0.959407163441745,0.964839193467755,0.953557312252964,0.959165079102128,0.991396751252384,12145,0.986275733000623,1,0.986275733000623,0.993090452261306,,1603,0.876844130853111,1,0.876844130853111,0.934381408065618,,1559,0.109431602147512,0.482299844308437,12.2473712574901,0.0,0.0,True,1603,1559
,14,0.957760395224372,0.961480989540096,0.953722002635046,0.957585779247623,0.992285558641274,12145,0.978789769182782,1,0.978789769182782,0.989281210592686,,1603,0.890955740859525,1,0.890955740859525,0.942333785617367,,1559,0.0878340283232569,0.380755833208365,10.051234010276,0.0,0.0,True,1603,1559
,15,0.959407163441745,0.959782429536838,0.95899209486166,0.959387099431584,0.992478153914375,12145,0.981285090455396,1,0.981285090455396,0.990554156171284,,1603,0.900577293136626,1,0.900577293136626,0.947688153898076,,1559,0.08070779731877,0.367108744399956,9.66742841096483,0.0,0.0,True,1603,1559
,16,0.9603128859613,0.968017414601473,0.952075098814229,0.959980073065426,0.992041424742922,12145,0.98565190268247,1,0.98565190268247,0.99277411247251,,1603,0.872354073123797,1,0.872354073123797,0.93182596779719,,1559,0.113297829558673,0.490555191742311,12.4664324843362,0.0,0.0,True,1603,1559
,17,0.957348703170028,0.957194599934145,0.957509881422924,0.957352214720895,0.992072529611726,12145,0.977542108546475,1,0.977542108546475,0.988643533123028,,1603,0.901860166773572,1,0.901860166773572,0.948397976391231,,1559,0.0756819417729025,0.336422187469575,8.97500421307481,0.0,0.0,True,1603,1559
,18,0.957925072046109,0.95875268107573,0.957015810276679,0.957883458336767,0.992084176988493,12145,0.981285090455396,1,0.981285090455396,0.990554156171284,,1603,0.896087235407312,1,0.896087235407312,0.945196211096075,,1559,0.0851978550480837,0.381966960403683,10.0292988761178,0.0,0.0,True,1603,1559
,19,0.959324825030876,0.968110104061765,0.949934123847167,0.958935993349958,0.992164081518512,12145,0.971927635683094,1,0.971927635683094,0.985763998734577,,1603,0.887107119948685,1,0.887107119948685,0.940176750509857,,1559,0.084820515734409,0.348639495358511,9.35250633938671,0.0,0.0,True,1603,1559
,20,0.959818855496088,0.966577540106951,0.952569169960474,0.959522229595222,0.991757494510682,12145,0.984404242046163,1,0.984404242046163,0.992140836215026,,1603,0.880051314945477,1,0.880051314945477,0.936199249402934,,1559,0.104352927100685,0.456905518397912,11.729957772016,0.0,0.0,True,1603,1559
,21,0.959654178674351,0.964392678868552,0.954545454545454,0.959443800695249,0.992051865348406,12145,0.98378041172801,1,0.98378041172801,0.991823899371069,,1603,0.883899935856318,1,0.883899935856318,0.938372488934286,,1559,0.0998804758716919,0.439990352438082,11.3523935711286,0.0,0.0,True,1603,1559
,22,0.959489501852614,0.967806841046277,0.950592885375494,0.959122632103689,0.991688694988314,12145,0.98565190268247,1,0.98565190268247,0.99277411247251,,1603,0.874278383579217,1,0.874278383579217,0.932922655715263,,1559,0.111373519103252,0.484769813253615,12.332056491768,0.0,0.0,True,1603,1559
,23,0.95907780979827,0.967152673035026,0.950428194993412,0.958717501453609,0.991302690888437,12145,0.985028072364316,1,0.985028072364316,0.992457573852922,,1603,0.876844130853111,1,0.876844130853111,0.934381408065618,,1559,0.108183941511205,0.471805887945366,12.0556409485848,0.0,0.0,True,1603,1559
,24,0.956360642239604,0.966341299225849,0.945652173913043,0.955884801065423,0.990393829401482,12145,0.974422956955708,1,0.974422956955708,0.987045813586098,,1603,0.87107119948685,1,0.87107119948685,0.931093589304079,,1559,0.103351757468857,0.41329922448934,10.9292285751659,0.0,0.0,True,1603,1559
,25,0.955701934952655,0.96239973262032,0.948451910408432,0.955374917053749,0.989698891853116,12145,0.988147223955084,1,0.988147223955084,0.99403828051459,,1603,0.864015394483643,1,0.864015394483643,0.927047487955953,,1559,0.12413182947144,0.537177892122119,13.4103467816661,0.0,0.0,True,1603,1559
,26,0.954549197200494,0.960153384461487,0.948451910408432,0.954266777133388,0.989470134119204,12145,0.986899563318777,1,0.986899563318777,0.993406593406593,,1603,0.86529826812059,1,0.86529826812059,0.927785419532324,,1559,0.121601295198187,0.52218407368744,13.1369653105984,0.0,0.0,True,1603,1559
,27,0.954549197200494,0.960614152202937,0.947957839262187,0.954244031830238,0.98924022385092,12145,0.986899563318777,1,0.986899563318777,0.993406593406593,,1603,0.862091084028223,1,0.862091084028223,0.925938684119876,,1559,0.124808479290554,0.53153154775523,13.3512423987646,0.0,0.0,True,1603,1559
,28,0.953067105804858,0.957432657133355,0.94828722002635,0.952837994373655,0.988989093390971,12145,0.986899563318777,1,0.986899563318777,0.993406593406593,,1603,0.86337395766517,1,0.86337395766517,0.926678141135972,,1559,0.123525605653607,0.527803658034244,13.2658254500186,0.0,0.0,True,1603,1559
,29,0.949608892548373,0.957439678284182,0.941040843214756,0.949169435215946,0.988555943855684,12145,0.98378041172801,1,0.98378041172801,0.991823899371069,,1603,0.847979474021808,1,0.847979474021808,0.917736896910794,,1559,0.135800937706201,0.545635933994884,13.8252036842841,0.0,0.0,True,1603,1559
,30,0.949608892548373,0.953639082751744,0.945158102766798,0.949379652605459,0.988520161053254,12145,0.986275733000623,1,0.986275733000623,0.993090452261306,,1603,0.850545221295702,1,0.850545221295702,0.919237435008665,,1559,0.135730511704921,0.559030254078895,14.0137908601672,0.0,0.0,True,1603,1559
,31,0.951420337587484,0.956376956376956,0.945981554677206,0.951150852790197,0.98799876806279,12145,0.984404242046163,1,0.984404242046163,0.992140836215026,,1603,0.855035279025016,1,0.855035279025016,0.921853388658367,,1559,0.129368963021147,0.530778148617654,13.453735496779,0.0,0.0,True,1603,1559
,32,0.95043227665706,0.959200805910006,0.940876152832674,0.949950116395078,0.98813989250678,12145,0.982532751091703,1,0.982532751091703,0.991189427312775,,1603,0.842847979474021,1,0.842847979474021,0.914723285764009,,1559,0.139684771617681,0.55013385885803,13.9818525940674,0.0,0.0,True,1603,1559
,33,0.950514615067929,0.958438076085134,0.941864295125164,0.950078910208489,0.987749549453975,12145,0.981908920773549,1,0.981908920773549,0.99087189172175,,1603,0.846055163566388,1,0.846055163566388,0.916608756080611,,1559,0.13585375720716,0.536563680318893,13.6896406649977,0.0,0.0,True,1603,1559
,34,0.951585014409221,0.960840336134453,0.941534914361001,0.951089668940276,0.987880802780053,12145,0.978165938864628,1,0.978165938864628,0.988962472406181,,1603,0.853110968569595,1,0.853110968569595,0.920733817930079,,1559,0.125054970295032,0.490035546118565,12.7092685035696,0.0,0.0,True,1603,1559
,35,0.948044462741869,0.959466306367167,0.93560606060606,0.947385975152172,0.987138435052491,12145,0.970679975046787,1,0.970679975046787,0.985121874010762,,1603,0.839640795381654,1,0.839640795381654,0.912831241283124,,1559,0.131039179665132,0.479855264464359,12.6279071335643,0.0,0.0,True,1603,1559
Qwen3-8B-Base,0,0.789378344997941,0.808895921237693,0.757740447957839,0.782482993197278,0.881567045934542,12145,0.875857766687461,1,0.875857766687461,0.933821084137013,,1603,0.515715202052597,1,0.515715202052597,0.680490901396529,,1559,0.360142564634863,0.819223968411281,22.0582717421612,0.0,0.0,True,1603,1559
,1,0.86125977768629,0.880882097586386,0.835474308300395,0.857577550502916,0.938674079984692,12145,0.928259513412351,1,0.928259513412351,0.962795211905532,,1603,0.63758819756254,1,0.63758819756254,0.778691735213474,,1559,0.290671315849811,0.749713706664801,19.8892122902899,0.0,0.0,True,1603,1559
,2,0.886620008233841,0.897813929842399,0.872529644268774,0.884991230268103,0.954840706732991,12145,0.965689332501559,1,0.965689332501559,0.982545223738495,,1603,0.692110327132777,1,0.692110327132777,0.818043972706595,,1559,0.273579005368782,0.803818151766272,20.5138223618611,0.0,0.0,True,1603,1559
,3,0.90769864141622,0.921361702127659,0.891469038208168,0.906168912697748,0.969187318997866,12145,0.964441671865252,1,0.964441671865252,0.981899015560495,,1603,0.72674791533034,1,0.72674791533034,0.841753343239227,,1559,0.237693756534912,0.720702602522958,18.5749906456291,0.0,0.0,True,1603,1559
,4,0.924166323589954,0.936599423631123,0.909914361001317,0.923064071506139,0.977713646245601,12145,0.971927635683094,1,0.971927635683094,0.985763998734577,,1603,0.762026940346375,1,0.762026940346375,0.864943574808882,,1559,0.209900695336718,0.682508315258534,17.4577269704377,0.0,0.0,True,1603,1559
,5,0.931741457389872,0.938304631332553,0.924242424242424,0.931220443043225,0.981275248638274,12145,0.978789769182782,1,0.978789769182782,0.989281210592686,,1603,0.803720333547145,1,0.803720333547145,0.891180654338549,,1559,0.175069435635636,0.625647306652725,15.8877764369463,0.0,0.0,True,1603,1559
,6,0.936764100452861,0.94631437226523,0.926054018445322,0.936074579657066,0.98409631379915,12145,0.982532751091703,1,0.982532751091703,0.991189427312775,,1603,0.801796023091725,1,0.801796023091725,0.889996440014239,,1559,0.180736727999977,0.657694494677675,16.4661850105534,0.0,0.0,True,1603,1559
,7,0.941375051461506,0.944002650762094,0.938405797101449,0.941195903534852,0.986329708463583,12145,0.98378041172801,1,0.98378041172801,0.991823899371069,,1603,0.830019243104554,1,0.830019243104554,0.907115317209954,,1559,0.153761168623455,0.594520412086371,14.9538951730363,0.0,0.0,True,1603,1559
,8,0.950843968711403,0.956021989005497,0.945158102766798,0.95055900621118,0.988747698456656,12145,0.982532751091703,1,0.982532751091703,0.991189427312775,,1603,0.855676715843489,1,0.855676715843489,0.922226062910473,,1559,0.126856035248213,0.514271248308245,13.1446723214532,0.0,0.0,True,1603,1559
,9,0.953314121037463,0.953235633130248,0.953392621870882,0.953314121037463,0.989733210258933,12145,0.975670617592015,1,0.975670617592015,0.987685506788759,,1603,0.881975625400898,1,0.881975625400898,0.937286980231765,,1559,0.0936949921911169,0.388145255720411,10.2880935902118,0.0,0.0,True,1603,1559
,10,0.954960889254837,0.950432088700472,0.95998023715415,0.955182302335108,0.990575007804691,12145,0.978165938864628,1,0.978165938864628,0.988962472406181,,1603,0.896728672225785,1,0.896728672225785,0.94555292526209,,1559,0.0814372666388429,0.357714410871477,9.49467997512865,0.0,0.0,True,1603,1559
,11,0.957925072046109,0.960881816674954,0.954710144927536,0.957786038826931,0.991380520856587,12145,0.981908920773549,1,0.981908920773549,0.99087189172175,,1603,0.879409878127004,1,0.879409878127004,0.935836177474402,,1559,0.102499042646545,0.439473320915804,11.3977215845854,0.0,0.0,True,1603,1559
,12,0.958666117743927,0.962163956189844,0.954874835309617,0.958505538105472,0.991669522240062,12145,0.975670617592015,1,0.975670617592015,0.987685506788759,,1603,0.886465683130211,1,0.886465683130211,0.939816388983339,,1559,0.0892049344618033,0.374111463761965,9.9406866277113,0.0,0.0,True,1603,1559
,13,0.958254425689584,0.968040370058873,0.947793148880105,0.957809769493217,0.992231050545113,12145,0.976918278228321,1,0.976918278228321,0.988324392552855,,1603,0.86337395766517,1,0.86337395766517,0.926678141135972,,1559,0.113544320563151,0.452186100693611,11.8296113837848,0.0,0.0,True,1603,1559
,14,0.96097159324825,0.964179104477611,0.957509881422924,0.960832920178482,0.992586871803683,12145,0.976294447910168,1,0.976294447910168,0.98800505050505,,1603,0.896087235407312,1,0.896087235407312,0.945196211096075,,1559,0.080207212502856,0.347270607863697,9.2635329348242,0.0,0.0,True,1603,1559
,15,0.96220666941128,0.963348192174343,0.96096837944664,0.962156814246846,0.993049838081124,12145,0.989394884591391,1,0.989394884591391,0.994669175290059,,1603,0.894162924951892,1,0.894162924951892,0.944124619031493,,1559,0.0952319596394989,0.456385074037485,11.495017761985,0.0,0.0,True,1603,1559
,16,0.961053931659119,0.961887477313974,0.960144927536231,0.961015412511332,0.992849663199626,12145,0.978789769182782,1,0.978789769182782,0.989281210592686,,1603,0.905067350865939,1,0.905067350865939,0.95016835016835,,1559,0.0737224183168425,0.334100203853541,8.89869862193937,0.0,0.0,True,1603,1559
,17,0.961300946891725,0.968551354968216,0.953557312252964,0.960995850622406,0.992171566212313,12145,0.978165938864628,1,0.978165938864628,0.988962472406181,,1603,0.884541372674791,1,0.884541372674791,0.938733832539142,,1559,0.0936245661898372,0.396778340954189,10.4556556615878,0.0,0.0,True,1603,1559
,18,0.961959654178674,0.964403973509933,0.959321475625823,0.961856010568031,0.993053227888099,12145,0.988147223955084,1,0.988147223955084,0.99403828051459,,1603,0.888389993585631,1,0.888389993585631,0.940896739130434,,1559,0.0997572303694523,0.463086378259137,11.714705664229,0.0,0.0,True,1603,1559
,19,0.961300946891725,0.963281508435329,0.959156785243741,0.961214721901303,0.99282729047359,12145,0.985028072364316,1,0.985028072364316,0.992457573852922,,1603,0.890955740859525,1,0.890955740859525,0.942333785617367,,1559,0.0940723315047915,0.427735644156252,11.0204631340322,0.0,0.0,True,1603,1559
,20,0.962947715109098,0.964628099173553,0.961133069828722,0.962877412968157,0.992926232159581,12145,0.982532751091703,1,0.982532751091703,0.991189427312775,,1603,0.902501603592046,1,0.902501603592046,0.948752528658125,,1559,0.0800311474996567,0.370012388070208,9.71045820600475,0.0,0.0,True,1603,1559
,21,0.961794977356937,0.962401055408971,0.961133069828722,0.961766644693474,0.992600092050886,12145,0.98752339363693,1,0.98752339363693,0.993722536095417,,1603,0.898652982681205,1,0.898652982681205,0.946621621621621,,1559,0.0888704109557249,0.424113192104391,10.8397316145821,0.0,0.0,True,1603,1559
,22,0.95973651708522,0.964862614487926,0.954216073781291,0.959509812039413,0.991666023959264,12145,0.981285090455396,1,0.981285090455396,0.990554156171284,,1603,0.885824246311738,1,0.885824246311738,0.939455782312925,,1559,0.0954608441436578,0.414901887423732,10.8257778030496,0.0,0.0,True,1603,1559
,23,0.960724578015644,0.959435046805715,0.962121212121212,0.960776251952964,0.992249192792044,12145,0.981908920773549,1,0.981908920773549,0.99087189172175,,1603,0.906991661321359,1,0.906991661321359,0.951227716111671,,1559,0.0749172594521897,0.349995553562103,9.23608057301206,0.0,0.0,True,1603,1559
,24,0.957760395224372,0.962402262518715,0.952733860342556,0.957543656376727,0.991081824625163,12145,0.980661260137242,1,0.980661260137242,0.990236220472441,,1603,0.881975625400898,1,0.881975625400898,0.937286980231765,,1559,0.0986856347363446,0.42234991382321,11.0208576396101,0.0,0.0,True,1603,1559
,25,0.958666117743927,0.960482804232804,0.956686429512516,0.958580858085808,0.991274921589697,12145,0.985028072364316,1,0.985028072364316,0.992457573852922,,1603,0.892880051314945,1,0.892880051314945,0.943409013893595,,1559,0.0921480210493713,0.421537811822859,10.873985633545,0.0,0.0,True,1603,1559
,26,0.957431041580897,0.959015038836555,0.955698287220026,0.957353790315928,0.990673407121566,12145,0.980037429819089,1,0.980037429819089,0.989918084436042,,1603,0.890314304041051,1,0.890314304041051,0.941974889718357,,1559,0.0897231257780373,0.391598728955185,10.2909304995781,0.0,0.0,True,1603,1559
,27,0.956854672704816,0.958815745947734,0.954710144927536,0.956758541013368,0.990300121577461,12145,0.978165938864628,1,0.978165938864628,0.988962472406181,,1603,0.891597177677998,1,0.891597177677998,0.942692438114615,,1559,0.08656876118663,0.374396347544449,9.90644392927297,0.0,0.0,True,1603,1559
,28,0.95537258130918,0.958388594164456,0.952075098814229,0.95522141440846,0.98941687347201,12145,0.975670617592015,1,0.975670617592015,0.987685506788759,,1603,0.888389993585631,1,0.888389993585631,0.940896739130434,,1559,0.0872806240063831,0.368023153068838,9.78952018337855,0.0,0.0,True,1603,1559
,29,0.954302181967888,0.957083678541839,0.95125164690382,0.954158751135706,0.989341416368743,12145,0.972551466001247,1,0.972551466001247,0.986084756483238,,1603,0.893521488133418,1,0.893521488133418,0.943766937669376,,1559,0.0790299778678288,0.331908597474501,8.92266911245995,0.0,0.0,True,1603,1559
,30,0.953725813091807,0.954320580474934,0.953063241106719,0.953691496374423,0.989020455885106,12145,0.980661260137242,1,0.980661260137242,0.990236220472441,,1603,0.889031430404105,1,0.889031430404105,0.941256366723259,,1559,0.0916298297331374,0.400188199842276,10.4856042532851,0.0,0.0,True,1603,1559
,31,0.953643474680938,0.956875103665616,0.950098814229249,0.953474919428146,0.988838274099032,12145,0.979413599500935,1,0.979413599500935,0.989599747872675,,1603,0.884541372674791,1,0.884541372674791,0.938733832539142,,1559,0.0948722268261442,0.405438490368086,10.64100526239,0.0,0.0,True,1603,1559
,32,0.953231782626595,0.955478318437603,0.950757575757575,0.953112101700511,0.988250264621891,12145,0.974422956955708,1,0.974422956955708,0.987045813586098,,1603,0.887748556767158,1,0.887748556767158,0.940536867142371,,1559,0.0866744001885495,0.362058311037823,9.65869271826148,0.0,0.0,True,1603,1559
,33,0.952326060107039,0.956305034058813,0.947957839262187,0.952113142006451,0.988147431437493,12145,0.975046787273861,1,0.975046787273861,0.987365761212886,,1603,0.877485567671584,1,0.877485567671584,0.934745473180731,,1559,0.0975612196022771,0.397925611489468,10.5398413354556,0.0,0.0,True,1603,1559
,34,0.955290242898312,0.959295564047184,0.950922266139657,0.955090563228847,0.989366907717196,12145,0.981908920773549,1,0.981908920773549,0.99087189172175,,1603,0.878768441308531,1,0.878768441308531,0.93547285763059,,1559,0.103140479465018,0.441440777497171,11.4446561207576,0.0,0.0,True,1603,1559
,35,0.955537258130918,0.962696554031448,0.947793148880105,0.955186721991701,0.990439103663443,12145,0.978789769182782,1,0.978789769182782,0.989281210592686,,1603,0.87299550994227,1,0.87299550994227,0.932191780821917,,1559,0.105794259240511,0.43646033384903,11.4065695001544,0.0,0.0,True,1603,1559
SmolLM2-360M,0,0.597447509,0.611666981,0.533596838,0.569970974,0.653034883,12145,0.597578692,1,0.597578692,0.748105487,,2065,0.495271279,1,0.495271279,0.662450067,,2009,0.102307413,0.205875501,6.55864906,5.43e-11,5.43e-11,True,2065,2009
,1,0.721943186,0.75257732,0.661231884,0.703953713,0.803402599,12145,0.82905569,1,0.82905569,0.906539582,,2065,0.525634644,1,0.525634644,0.689070147,,2009,0.303421046,0.667015835,20.74682189,0.0,0.0,True,2065,2009
,2,0.785096748,0.805830389,0.751152833,0.777531538,0.873436024,12145,0.891525424,1,0.891525424,0.94265233,,2065,0.608760577,1,0.608760577,0.756806931,,2009,0.282764846,0.680281923,20.89685156,0.0,0.0,True,2065,2009
,3,0.818443804,0.843001597,0.782608696,0.811683321,0.90114588,12145,0.911864407,1,0.911864407,0.953900709,,2065,0.646590343,1,0.646590343,0.785368803,,2009,0.265274063,0.670404492,20.47023289,0.0,0.0,True,2065,2009
,4,0.827418691,0.843825666,0.803524374,0.823182048,0.911388588,12145,0.930750605,1,0.930750605,0.964133434,,2065,0.667496267,1,0.667496267,0.800597015,,2009,0.263254339,0.696621554,21.03861189,0.0,0.0,True,2065,2009
,5,0.844956772,0.861557052,0.821969697,0.841297935,0.923635676,12145,0.941404358,1,0.941404358,0.96981791,,2065,0.681931309,1,0.681931309,0.810890796,,2009,0.259473049,0.709396977,21.25542123,0.0,0.0,True,2065,2009
,6,0.8508028,0.857023131,0.842061924,0.849476657,0.929970439,12145,0.946731235,1,0.946731235,0.972636816,,2065,0.717770035,1,0.717770035,0.835699797,,2009,0.2289612,0.654358013,19.62819182,0.0,0.0,True,2065,2009
,7,0.865541375,0.863554464,0.868247694,0.86589472,0.940156429,12145,0.950605327,1,0.950605327,0.974677259,,2065,0.763066202,1,0.763066202,0.865612648,,2009,0.187539125,0.568508784,17.15152586,0.0,0.0,True,2065,2009
,8,0.870893372,0.877979188,0.861495389,0.869659185,0.944696235,12145,0.953510896,1,0.953510896,0.976202281,,2065,0.74863116,1,0.74863116,0.856248221,,2009,0.204879736,0.615716117,18.43613532,0.0,0.0,True,2065,2009
,9,0.873116509,0.88249198,0.860836627,0.871529804,0.942680764,12145,0.96125908,1,0.96125908,0.980246914,,2065,0.730711797,1,0.730711797,0.844406097,,2009,0.230547283,0.694955788,20.46804805,0.0,0.0,True,2065,2009
,10,0.876245368,0.895584416,0.851778656,0.873132439,0.946597279,12145,0.946246973,1,0.946246973,0.972381189,,2065,0.724738676,1,0.724738676,0.84040404,,2009,0.221508297,0.636664195,19.13767956,0.0,0.0,True,2065,2009
,11,0.875421984,0.879473947,0.870059289,0.874741287,0.94970759,12145,0.954479419,1,0.954479419,0.976709613,,2065,0.758586361,1,0.758586361,0.862722898,,2009,0.195893058,0.597235458,17.90262363,0.0,0.0,True,2065,2009
,12,0.885796624,0.88879668,0.881916996,0.885343474,0.954929777,12145,0.968523002,1,0.968523002,0.98400984,,2065,0.771030363,1,0.771030363,0.870713884,,2009,0.197492639,0.64118534,18.80956581,0.0,0.0,True,2065,2009
,13,0.886702347,0.889515594,0.883069829,0.886280992,0.955251877,12145,0.964164649,1,0.964164649,0.981755424,,2065,0.778994525,1,0.778994525,0.875769446,,2009,0.185170124,0.597932733,17.73722482,0.0,0.0,True,2065,2009
,14,0.888349115,0.895372233,0.87944664,0.887337986,0.954344547,12145,0.958353511,1,0.958353511,0.978733927,,2065,0.769039323,1,0.769039323,0.869442881,,2009,0.189314188,0.591603476,17.67845782,0.0,0.0,True,2065,2009
,15,0.886702347,0.897427217,0.873188406,0.885141903,0.953657678,12145,0.952542373,1,0.952542373,0.975694444,,2065,0.762568442,1,0.762568442,0.86529229,,2009,0.189973931,0.57870302,17.41199863,0.0,0.0,True,2065,2009
,16,0.886867023,0.897731121,0.873188406,0.885289698,0.956599881,12145,0.955932203,1,0.955932203,0.977469671,,2065,0.764559482,1,0.764559482,0.866572638,,2009,0.191372721,0.590241339,17.68265324,0.0,0.0,True,2065,2009
,17,0.893207081,0.900923594,0.8835639,0.892159308,0.958343449,12145,0.959322034,1,0.959322034,0.979238754,,2065,0.776007964,1,0.776007964,0.873878924,,2009,0.18331407,0.579854712,17.33341154,0.0,0.0,True,2065,2009
,18,0.891972005,0.898793566,0.883399209,0.8910299,0.957483644,12145,0.97094431,1,0.97094431,0.985257985,,2065,0.767546043,1,0.767546043,0.86848775,,2009,0.203398267,0.663592101,19.34068517,0.0,0.0,True,2065,2009
,19,0.889913545,0.898904802,0.878623188,0.888648288,0.957525583,12145,0.956416465,1,0.956416465,0.977722772,,2065,0.769039323,1,0.769039323,0.869442881,,2009,0.187377142,0.582012947,17.44419387,0.0,0.0,True,2065,2009
,20,0.890572252,0.895447724,0.884387352,0.889883172,0.956186365,12145,0.969975787,1,0.969975787,0.984759095,,2065,0.777003484,1,0.777003484,0.874509804,,2009,0.192972303,0.635318715,18.60807946,0.0,0.0,True,2065,2009
,21,0.888431453,0.888742377,0.88801054,0.888376308,0.955221504,12145,0.968523002,1,0.968523002,0.98400984,,2065,0.781483325,1,0.781483325,0.877340039,,2009,0.187039677,0.616101839,18.12779065,0.0,0.0,True,2065,2009
,22,0.888925484,0.897759811,0.877799736,0.887667583,0.956211897,12145,0.959322034,1,0.959322034,0.979238754,,2065,0.768541563,1,0.768541563,0.869124683,,2009,0.190780471,0.597659336,17.82907009,0.0,0.0,True,2065,2009
,23,0.888760807,0.896389589,0.87911726,0.88766941,0.955532309,12145,0.96125908,1,0.96125908,0.980246914,,2065,0.772523644,1,0.772523644,0.871665263,,2009,0.188735436,0.598109431,17.80365973,0.0,0.0,True,2065,2009
,24,0.886949362,0.892302555,0.880105402,0.88616201,0.95263477,12145,0.971428571,1,0.971428571,0.985507246,,2065,0.764559482,1,0.764559482,0.866572638,,2009,0.206869089,0.673541808,19.59187568,0.0,0.0,True,2065,2009
,25,0.883902841,0.892292158,0.873188406,0.882636924,0.951413124,12145,0.959322034,1,0.959322034,0.979238754,,2065,0.761075162,1,0.761075162,0.86433013,,2009,0.198246872,0.615264345,18.31781811,0.0,0.0,True,2065,2009
,26,0.878880198,0.877564418,0.880599473,0.879079326,0.949957825,12145,0.967070218,1,0.967070218,0.983259478,,2065,0.771528123,1,0.771528123,0.871031189,,2009,0.195542094,0.631770495,18.59365933,0.0,0.0,True,2065,2009
,27,0.880526966,0.88297696,0.877305665,0.880132177,0.947108923,12145,0.965617433,1,0.965617433,0.982508007,,2065,0.761572922,1,0.761572922,0.864651031,,2009,0.204044512,0.647248853,19.05399872,0.0,0.0,True,2065,2009
,28,0.878056814,0.873434196,0.884222661,0.878795319,0.945279431,12145,0.968038741,1,0.968038741,0.983759843,,2065,0.772523644,1,0.772523644,0.871665263,,2009,0.195515097,0.634863995,18.65153702,0.0,0.0,True,2065,2009
,29,0.878139152,0.881648936,0.873517787,0.877564527,0.944956667,12145,0.960774818,1,0.960774818,0.979995061,,2065,0.763563962,1,0.763563962,0.865932825,,2009,0.197210856,0.616835751,18.33183814,0.0,0.0,True,2065,2009
,30,0.87410457,0.875268462,0.872529644,0.873896907,0.94347303,12145,0.96125908,1,0.96125908,0.980246914,,2065,0.759084121,1,0.759084121,0.863044709,,2009,0.202174958,0.629847096,18.68076947,0.0,0.0,True,2065,2009
,31,0.872293125,0.877441977,0.865447958,0.871403698,0.941102646,12145,0.952058111,1,0.952058111,0.975440337,,2065,0.753111,1,0.753111,0.859170926,,2009,0.198947111,0.598508478,17.97680254,0.0,0.0,True,2065,2009
SmolLM3-3B-Base,0,0.704075751337999,0.722601509162774,0.662384716732542,0.691184052242653,0.785870679785924,12145,0.8227602905569,1,0.8227602905569,0.902763018065887,,2065,0.532105525136884,1,0.532105525136884,0.694606887589343,,2009,0.290654765420016,0.637449448674658,19.8739102922822,0.0,0.0,True,2065,2009
,1,0.821325648414985,0.841203217908359,0.792160737812911,0.815945716709075,0.907309470610861,12145,0.926876513317191,1,0.926876513317191,0.962050766524252,,2065,0.644599303135888,1,0.644599303135888,0.783898305084745,,2009,0.282277210181302,0.729761648986521,22.026394482043,0.0,0.0,True,2065,2009
,2,0.889254837381638,0.899172437088329,0.876811594202898,0.887851246560493,0.958052250538952,12145,0.952542372881355,1,0.952542372881355,0.975694444444444,,2065,0.775012444001991,1,0.775012444001991,0.873247335950645,,2009,0.177529928879364,0.549184934174172,16.578025112578,0.0,0.0,True,2065,2009
,3,0.920378756689995,0.928343681825809,0.911067193675889,0.919624303881639,0.975716168587412,12145,0.981113801452784,1,0.981113801452784,0.99046687851381,,2065,0.805873568939771,1,0.805873568939771,0.892502756339581,,2009,0.175240232513013,0.636802267646079,18.2186803872198,0.0,0.0,True,2065,2009
,4,0.947385755454919,0.942787286063569,0.952569169960474,0.947652985991644,0.986698248277923,12145,0.99273607748184,1,0.99273607748184,0.996354799513973,,2065,0.896963663514186,1,0.896963663514186,0.945683547625295,,2009,0.095772413967654,0.482890673855487,13.4642236299298,0.0,0.0,True,2065,2009
,5,0.95043227665706,0.952066115702479,0.948616600790513,0.950338228015179,0.989141526231031,12145,0.978692493946731,1,0.978692493946731,0.989231522271169,,2065,0.895470383275261,1,0.895470383275261,0.94485294117647,,2009,0.0832221106714699,0.365462739827681,10.9837514077066,0.0,0.0,True,2065,2009
,6,0.953314121037463,0.954132981356211,0.952404479578392,0.953267946921618,0.990332609487511,12145,0.975786924939467,1,0.975786924939467,0.987745098039215,,2065,0.90741662518666,1,0.90741662518666,0.951461377870563,,2009,0.0683702997528072,0.30587403780464,9.33941138997546,0.0,0.0,True,2065,2009
,7,0.95166735282009,0.953081116801586,0.950098814229249,0.951587628865979,0.990231647476562,12145,0.97094430992736,1,0.97094430992736,0.985257985257985,,2065,0.911896465903434,1,0.911896465903434,0.95391825045561,,2009,0.0590478440239262,0.260139232313259,8.04997406572532,8.88178419700125e-16,9.13554945977271e-16,True,2065,2009
,8,0.956689995883079,0.956085526315789,0.957345191040843,0.956714944042133,0.991555367100366,12145,0.984019370460048,1,0.984019370460048,0.991945325848181,,2065,0.911896465903434,1,0.911896465903434,0.95391825045561,,2009,0.0721229045566138,0.349219397851446,10.4089161706544,0.0,0.0,True,2065,2009
,9,0.956937011115685,0.960497925311203,0.953063241106719,0.956766140365379,0.991300521411973,12145,0.981113801452784,1,0.981113801452784,0.99046687851381,,2065,0.90443006470881,1,0.90443006470881,0.949817041296393,,2009,0.0766837367439741,0.352858628943242,10.580899615405,0.0,0.0,True,2065,2009
,10,0.958419102511321,0.955490099819996,0.961627140974967,0.958548797504719,0.992225342110167,12145,0.991767554479418,1,0.991767554479418,0.99586676391928,,2065,0.915380786460925,1,0.915380786460925,0.955821205821205,,2009,0.076386768018493,0.408606285885479,11.6479787646212,0.0,0.0,True,2065,2009
,11,0.959407163441745,0.956024194866764,0.963109354413702,0.959553695955369,0.992502804590699,12145,0.989346246973365,1,0.989346246973365,0.994644595910418,,2065,0.921851667496266,1,0.921851667496266,0.959336959336959,,2009,0.0674945794770988,0.359848910592135,10.5087039674363,0.0,0.0,True,2065,2009
,12,0.958172087278715,0.960748592249089,0.955368906455863,0.958051197357555,0.992411062854723,12145,0.973849878934624,1,0.973849878934624,0.98675171736997,,2065,0.92284718765555,1,0.92284718765555,0.959875744240227,,2009,0.0510026912790746,0.238084949582976,7.37744040256853,1.61426427780497e-13,1.61426427780497e-13,True,2065,2009
,13,0.960230547550432,0.957739557739557,0.96294466403162,0.960335057896033,0.992494221599437,12145,0.984503631961259,1,0.984503631961259,0.992191312835529,,2065,0.930313588850174,1,0.930313588850174,0.963898916967509,,2009,0.0541900431110848,0.284679964692128,8.59947917732976,0.0,0.0,True,2065,2009
,14,0.960889254837381,0.960658436213991,0.961133069828722,0.960895694410142,0.992719264104905,12145,0.984503631961259,1,0.984503631961259,0.992191312835529,,2065,0.924340467894474,1,0.924340467894474,0.960682876357992,,2009,0.0601631640667842,0.307693635861018,9.24501169511933,0.0,0.0,True,2065,2009
,15,0.960724578015644,0.953771289537712,0.968379446640316,0.961019857808286,0.992560038091667,12145,0.990799031476997,1,0.990799031476997,0.995378253466309,,2065,0.933797909407665,1,0.933797909407665,0.965765765765765,,2009,0.057001122069332,0.328310576543822,9.59772550445199,0.0,0.0,True,2065,2009
,16,0.962371346233017,0.960170463858383,0.964756258234519,0.962457898628111,0.992886123963451,12145,0.995157384987893,1,0.995157384987893,0.99757281553398,,2065,0.919362867098058,1,0.919362867098058,0.95798755186722,,2009,0.0757945178898347,0.43656697931794,12.0279176935375,0.0,0.0,True,2065,2009
,17,0.960806916426513,0.95718954248366,0.964756258234519,0.960958005249343,0.992308161874184,12145,0.987893462469733,1,0.987893462469733,0.993909866017052,,2065,0.928322548531607,1,0.928322548531607,0.962829117191533,,2009,0.0595709139381258,0.321559240010569,9.53324820617543,0.0,0.0,True,2065,2009
,18,0.9603128859613,0.951534733441033,0.970026350461133,0.960691567444136,0.992865161397116,12145,0.997094430992736,1,0.997094430992736,0.998545101842871,,2065,0.930811348929815,1,0.930811348929815,0.964166022170662,,2009,0.0662830820629202,0.424479219504284,11.3320648787284,0.0,0.0,True,2065,2009
,19,0.961547962124331,0.959200393249221,0.964097496706192,0.961642710472279,0.992743291056745,12145,0.984503631961259,1,0.984503631961259,0.992191312835529,,2065,0.929318068690891,1,0.929318068690891,0.963364293085655,,2009,0.0551855632703681,0.288577002436936,8.70921597942692,0.0,0.0,True,2065,2009
,20,0.9603128859613,0.957446808510638,0.963438735177865,0.96043342636677,0.992784836531033,12145,0.989830508474576,1,0.989830508474576,0.994889267461669,,2065,0.925335988053758,1,0.925335988053758,0.961220268872802,,2009,0.0644945204208182,0.351502882862842,10.2632757036798,0.0,0.0,True,2065,2009
,21,0.958830794565664,0.957922419460881,0.959815546772068,0.95886804870023,0.992693189709652,12145,0.986924939467312,1,0.986924939467312,0.993419449183524,,2065,0.914883026381284,1,0.914883026381284,0.955549779048609,,2009,0.072041913086028,0.362914171287166,10.6910722978483,0.0,0.0,True,2065,2009
,22,0.95850144092219,0.957593688362919,0.959486166007905,0.958538993089832,0.992114820843548,12145,0.990314769975786,1,0.990314769975786,0.995133819951338,,2065,0.910900945744151,1,0.910900945744151,0.953373274290179,,2009,0.0794138242316355,0.409083767274806,11.7569379841448,0.0,0.0,True,2065,2009
,23,0.95726636475916,0.956886621688333,0.957674571805006,0.957280434603671,0.992055607695306,12145,0.984503631961259,1,0.984503631961259,0.992191312835529,,2065,0.914883026381284,1,0.914883026381284,0.955549779048609,,2009,0.0696206055799748,0.342491587578689,10.2103046529512,0.0,0.0,True,2065,2009
,24,0.955784273363524,0.95480690221857,0.956851119894598,0.955827918071892,0.991635936032552,12145,0.986440677966101,1,0.986440677966101,0.993174061433447,,2065,0.90741662518666,1,0.90741662518666,0.951461377870563,,2009,0.0790240527794416,0.384936296221073,11.3036647518778,0.0,0.0,True,2065,2009
,25,0.956689995883079,0.956686429512516,0.956686429512516,0.956686429512516,0.991480221859341,12145,0.991767554479418,1,0.991767554479418,0.99586676391928,,2065,0.902439024390243,1,0.902439024390243,0.948717948717948,,2009,0.0893285300891749,0.453610824816652,12.8059261758197,0.0,0.0,True,2065,2009
,26,0.954960889254837,0.957291839099486,0.952404479578392,0.954841905390902,0.990539116528438,12145,0.983535108958837,1,0.983535108958837,0.99169921875,,2065,0.899950223992035,1,0.899950223992035,0.947340843594445,,2009,0.0835848849668019,0.386326323715071,11.4405069851715,0.0,0.0,True,2065,2009
,27,0.953972828324413,0.954943059910876,0.952898550724637,0.953919709834308,0.990543740225152,12145,0.984503631961259,1,0.984503631961259,0.992191312835529,,2065,0.900945744151319,1,0.900945744151319,0.94789211835559,,2009,0.08355788780994,0.390725607418927,11.52940193752,0.0,0.0,True,2065,2009
,28,0.952655413750514,0.953024559090159,0.95223978919631,0.952632012521624,0.98996659168956,12145,0.988861985472155,1,0.988861985472155,0.994399805210616,,2065,0.895968143354902,1,0.895968143354902,0.945129955368863,,2009,0.092893842117252,0.445355331543038,12.7915968030618,0.0,0.0,True,2065,2009
,29,0.953725813091807,0.954320580474934,0.953063241106719,0.953691496374423,0.990187146090592,12145,0.986440677966101,1,0.986440677966101,0.993174061433447,,2065,0.898954703832752,1,0.898954703832752,0.946788990825688,,2009,0.087485974133349,0.413558835823241,12.0714032644429,0.0,0.0,True,2065,2009
,30,0.951585014409221,0.949508196721311,0.953886693017127,0.951692408807098,0.989403883731681,12145,0.996125907990314,1,0.996125907990314,0.998059194565744,,2065,0.890492782478845,1,0.890492782478845,0.942074776197999,,2009,0.105633125511469,0.549989093759374,14.5970519272827,0.0,0.0,True,2065,2009
,31,0.951090983944009,0.949311023622047,0.953063241106719,0.951183431952662,0.989191885203454,12145,0.993704600484261,1,0.993704600484261,0.996842360942433,,2065,0.889497262319561,1,0.889497262319561,0.941517386722866,,2009,0.104207338164699,0.518881580432378,14.2631623008501,0.0,0.0,True,2065,2009
,32,0.95166735282009,0.949369162706865,0.954216073781291,0.951786447638603,0.988706532640749,12145,0.992251815980629,1,0.992251815980629,0.996110841030627,,2065,0.893479342956694,1,0.893479342956694,0.943743427970557,,2009,0.0987724730239346,0.488656416004936,13.6565446440049,0.0,0.0,True,2065,2009
,33,0.95043227665706,0.945730117340286,0.955698287220026,0.950688073394495,0.989129119537502,12145,0.99322033898305,1,0.99322033898305,0.996598639455782,,2065,0.899452463912394,1,0.899452463912394,0.947064989517819,,2009,0.0937678750706566,0.480459974710021,13.3538531415521,0.0,0.0,True,2065,2009
,34,0.95290242898312,0.958180606464511,0.947134387351778,0.952625476229915,0.988557557403804,12145,0.987893462469733,1,0.987893462469733,0.993909866017052,,2065,0.885017421602787,1,0.885017421602787,0.939001848428835,,2009,0.102876040866946,0.471394676954497,13.5281000435366,0.0,0.0,True,2065,2009
,35,0.947962124331,0.951827242524916,0.943675889328063,0.947734039034072,0.98633179658468,12145,0.97820823244552,1,0.97820823244552,0.988984088127295,,2065,0.88899950223992,1,0.88899950223992,0.941238471673254,,2009,0.0892087302056001,0.382998117357358,11.4832832500109,0.0,0.0,True,2065,2009
