Models,layer,pooling,accuracy,f1,freq_diff,cohens_h
Qwen2.5-1.5B,0,mean_pool,0.8267599835323178,0.8215739484396201,0.2676396891952316,0.7122413021249572
,1,,0.8480856319473035,0.8455162019593067,0.2502568948207642,0.7102776452195321
,2,,0.8748456154796213,0.8726541554959786,0.2281124769047759,0.6839130796591744
,3,,0.9108275010292302,0.9100722411359295,0.1847111726046351,0.6581985524629466
,4,,0.9220255249073692,0.9213520471721618,0.1342906075203955,0.480468274129517
,5,,0.9327295183202964,0.932507228418009,0.1392935181513697,0.5617217489274653
,6,,0.9354466858789624,0.9347428000665888,0.1364959377715534,0.5220291929954417
,7,,0.9370111156854672,0.936666942627701,0.1156305101618986,0.4576294009428587
,8,,0.9386578839028408,0.9377350605933974,0.1394959968278341,0.5282338930193347
,9,,0.9371757925072046,0.9366436934318692,0.1269980005230698,0.5017079101650359
,10,,0.9399752984767394,0.9398266611638464,0.1213606567058406,0.5134202805136638
,11,,0.9421984355701934,0.9416264759687344,0.1269305076309151,0.512347021590847
,12,,0.9384108686702348,0.9377289377289376,0.122653145590605,0.4705951952079212
,13,,0.9466447097571016,0.9466666666666668,0.105822105609503,0.4897661907432948
,14,,0.942280773981062,0.9418787828538264,0.1130742168715357,0.4596260382787278
,15,,0.9441745574310416,0.943301555444054,0.1186170706397482,0.4662271777418949
,16,,0.9412103746397694,0.9404404404404404,0.1132227012342762,0.4403384028083725
,17,,0.9446685878962536,0.9444536286989584,0.1143515198555651,0.5008475526720546
,18,,0.9396459448332648,0.9390841851574836,0.1131957040774144,0.4435845154737534
,19,,0.9402223137093454,0.9396006655574044,0.125504720284145,0.4974859789919303
,20,,0.9413750514615068,0.9409814323607428,0.1243607157621212,0.5195197158071565
,21,,0.9396459448332648,0.9394164807008843,0.1168943145674971,0.4977120865000235
,22,,0.9401399752984768,0.9400807714497652,0.1094414119513039,0.4729297299343376
,23,,0.9366817620419926,0.9364935172185976,0.1194911035931528,0.4865793252794952
,24,,0.9387402223137092,0.9389463318562284,0.1084053960567278,0.4774170415737333
,25,,0.9287772745986004,0.9286126929107864,0.1492487197442019,0.5889292353384379
,26,,0.9340469328941952,0.93407949962966,0.1208358994693371,0.5172843664475093
,27,,0.9268834911486208,0.9269376337008391,0.1289350465279125,0.5157668182293942
Qwen2.5-1.5B,0,last_token,0.7636887608069164,0.7564080801222204,0.2928280365474011,0.6963919706854578
,1,,0.8426512968299712,0.8347886228062592,0.3078637655971855,0.8032293538553583
,2,,0.8797859201317415,0.87396408839779,0.2479975702558824,0.6866730769765819
,3,,0.9023466447097572,0.8995766299745978,0.2115919042275861,0.6559651346899478
,4,,0.9147797447509264,0.9143849780792456,0.175751491171086,0.6357813300164921
,5,,0.9256484149855908,0.9258559816076852,0.1344239059824011,0.5289006413321156
,6,,0.934623301770276,0.9335119745436276,0.1643030093393289,0.6065599171266394
,7,,0.94055166735282,0.9403305785123968,0.1238629556824797,0.5180814174968096
,8,,0.941292713050638,0.9407068607068608,0.1171237904008234,0.461937855884087
,9,,0.9420337587484562,0.9414212015310368,0.1368182163315926,0.552244182402752
,10,,0.9452449567723344,0.9450367798991652,0.1232707055538213,0.5361279779752905
,11,,0.9433511733223549,0.9428001330229464,0.1273877719752638,0.5206935078593826
,12,,0.9442568958419104,0.9438407299875572,0.1288405564788958,0.5323690976012858
,13,,0.9459036640592836,0.945599072617372,0.102177489433144,0.4196593491369218
,14,,0.9446685878962536,0.944055944055944,0.1288945507926197,0.5225724104431113
,15,,0.9482914779744752,0.9479960251738988,0.1030785195434106,0.4357244070162402
,16,,0.9463976945244956,0.946104810000828,0.1139077540896474,0.4888433710967002
,17,,0.9493618773157678,0.9489584197858744,0.1203111422328336,0.5214233549734679
,18,,0.9454096335940716,0.945020316775852,0.1169888046165138,0.4814705795354128
,19,,0.9445862494853848,0.9442650103519667,0.1150382600332402,0.4694065980706607
,20,,0.9424454508027996,0.9418614322548448,0.1137069627354868,0.4433867733182817
,21,,0.9430218196788802,0.9428193686993884,0.1174055732255697,0.4966980732170261
,22,,0.9366817620419926,0.937280809069407,0.1142435312281174,0.5258794565488931
,23,,0.9402223137093454,0.9403156856297272,0.1218044224717584,0.5258118302527479
,24,,0.940057636887608,0.940141424107877,0.1133964954315748,0.489882287674543
,25,,0.9364347468093864,0.9363246453315738,0.1239034514177725,0.5107142826961346
,26,,0.9369287772745986,0.9366208836670528,0.1352844403573748,0.5559456441526973
,27,,0.931823795800741,0.931366047745358,0.1378137364908758,0.5550110065387104
LLaMA-3.2-3B,0,mean_pool,0.8375463153561137,0.8347986268106841,0.2545359441833782,0.6957543889879638
,1,,0.8792095512556608,0.8771871075763918,0.1946022559499202,0.5775128352823167
,2,,0.9242486620008232,0.9250448101678344,0.1130337211362428,0.4655848080803912
,3,,0.9498559077809798,0.9495234148363032,0.1034817895740354,0.45232000385078
,4,,0.9651708522025524,0.9652281134401972,0.075296757810193,0.4347362589763084
,5,,0.9696171263894608,0.9695820624845436,0.0609292083927411,0.3577378049063866
,6,,0.9706051873198848,0.9706728004600343,0.0637942816647122,0.4145889030096614
,7,,0.9728283244133388,0.9727137423515791,0.0698078983557044,0.4195057145770016
,8,,0.9743104158089748,0.974274406332454,0.0558841147041702,0.358695213041746
,9,,0.9762041992589544,0.976219863408212,0.0533008242569454,0.3961199672638913
,10,,0.9746397694524496,0.9746543778801844,0.0543773358868144,0.3574521227261891
,11,,0.9744750926307122,0.9744603723842478,0.0672111093300487,0.4824087191676063
,12,,0.9763688760806916,0.9763844318275324,0.0513907754089647,0.3445948772245164
,13,,0.9747221078633184,0.9747719615416222,0.0494132336688292,0.3308862058268822
,14,,0.9738987237546316,0.9739459192898824,0.0558166218120154,0.3890093644928583
,15,,0.9729106628242076,0.9729151230756564,0.0539065729640346,0.3455958365206157
,16,,0.9719226018937834,0.9719040949163714,0.0608347183437244,0.3898466730641723
,17,,0.969287772745986,0.969318088344164,0.059893192498165,0.3658341781413652
,18,,0.9681350349938246,0.9681297867083916,0.0589381680741747,0.3497850111620808
,19,,0.96904075751338,0.9690738608323738,0.0589786638094675,0.3394252005794786
,20,,0.9673939892960066,0.96759410801964,0.0598391981844411,0.3857854266180385
,21,,0.965829559489502,0.9659919691879046,0.0614269684723828,0.3597091126221294
,22,,0.9686290654590366,0.9686806411837238,0.0628797529760147,0.377763760440637
,23,,0.9684643886372992,0.9684799604970784,0.0678438551939998,0.4017257458904373
,24,,0.9672293124742692,0.9673663496228272,0.0589111709173126,0.3575772331520199
,25,,0.9664059283655826,0.9665409217648024,0.0663370763766439,0.4008419944922337
,26,,0.9632770687525732,0.9634066294716114,0.0658528148754333,0.3940315561509155
,27,,0.962783038287361,0.9629143419757138,0.068825876774852,0.4104446002992019
LLaMA-3.2-3B,0,last_token,0.7577603952243722,0.7438174851967956,0.3495861842049759,0.8104294137469743
,1,,0.8765747221078634,0.8748643459387261,0.2288785212307328,0.7109277792626236
,2,,0.9191436805269658,0.9176865046102264,0.1935493668323055,0.7028662912958619
,3,,0.9549608892548374,0.9545945048559809,0.1103154449047084,0.5004769177971413
,4,,0.9679703581720872,0.967779342334134,0.0833014148197517,0.4491209574860755
,5,,0.9745574310415808,0.9744438011744272,0.0653280576389299,0.4021645741623296
,6,,0.9747221078633184,0.9746511435884732,0.0598661953413031,0.3751212232984038
,7,,0.9748867846850556,0.974820440848675,0.065274063325206,0.427970832451527
,8,,0.9763688760806916,0.9763532998269754,0.0528435599125967,0.3688676945293747
,9,,0.9771099217785096,0.977111806356002,0.0533278214138073,0.3782733054205383
,10,,0.9775216138328532,0.9774771058493524,0.0578076621305818,0.3974440784946949
,11,,0.9752161383285304,0.9751506645752496,0.0623279985826492,0.3958844237262591
,12,,0.9774392754219844,0.9774745149621836,0.0533008242569454,0.3961199672638913
,13,,0.9757101687937424,0.975633930783844,0.0588841737604508,0.3662838270653008
,14,,0.9757101687937424,0.9755693581780538,0.0555078418304072,0.3222728258817353
,15,,0.9743927542198436,0.9742741335098024,0.0486336907644413,0.2751747057736375
,16,,0.9737340469328942,0.97362546506821,0.0574718849921117,0.3367283083484511
,17,,0.9728283244133388,0.9727227640932384,0.0594224295753853,0.3555853102742023
,18,,0.972004940304652,0.9718403180387608,0.0590191595447604,0.3303069436506276
,19,,0.9724166323589954,0.9722705074083272,0.0565708548818452,0.3123689707686639
,20,,0.9722519555372582,0.9721095754365636,0.0625169786806826,0.3410242043814246
,21,,0.9716755866611776,0.9715467328370554,0.0669293265053023,0.3737093566778182
,22,,0.972004940304652,0.9719333003136866,0.0584809037298259,0.3374404578893504
,23,,0.9727459860024702,0.972669474031872,0.0565168605681214,0.3233031057020286
,24,,0.9719226018937834,0.9718111928577332,0.0594899224675401,0.3382346780038707
,25,,0.9726636475916016,0.9726027397260274,0.0604044511562376,0.3635937577426746
,26,,0.9728283244133388,0.9727722772277227,0.0608887126574483,0.3698381470600589
,27,,0.969534787978592,0.96936578903792,0.0674810808986678,0.3627628317278653
Qwen3-4B-Base,0,mean_pool,0.8503911074516262,0.8443149687259018,0.3048105360499097,0.741798291173797
,1,,0.8774804446274187,0.8741329724242937,0.2712345397920912,0.7217493079961379
,2,,0.8988884314532729,0.8967893763657757,0.2348915219499039,0.6752586314121696
,3,,0.91889666529436,0.9174557948546048,0.2113068144759046,0.6704991997904011
,4,,0.9289419514203376,0.9284944900157428,0.1834257207761105,0.6437676405453083
,5,,0.9407163441745574,0.9401794616151544,0.1589806956728423,0.5928837870437116
,6,,0.9421160971593248,0.9416549091210888,0.147540471942241,0.546598133442286
,7,,0.9461506792918896,0.9453634085213032,0.1552377137639216,0.5668810964474207
,8,,0.9510086455331412,0.950757262269304,0.1268384287478937,0.5172487061346382
,9,,0.9524083985179086,0.951921477291632,0.1351947138883675,0.5377237796480925
,10,,0.956278303828736,0.9562638991845812,0.1195713457408474,0.5407642634993848
,11,,0.9563606422396048,0.9563138806462248,0.1208542193777942,0.5445842833085379
,12,,0.9561959654178674,0.9557551563539588,0.1230778403386531,0.4921903336967141
,13,,0.9563606422396048,0.955958118663786,0.1198354432456463,0.4883415102301813
,14,,0.9594071634417456,0.9596463943685029,0.0773597612238439,0.3783224894408072
,15,,0.9576780568135036,0.9573302341026066,0.1045642051045245,0.425664280463065
,16,,0.9596541786743517,0.9597568988173456,0.0800311474996567,0.3700123880702084
,17,,0.9585014409221904,0.9581047381546136,0.1089662303322387,0.4510085143808742
,18,,0.9593248250308768,0.9593616321158276,0.1016287213239127,0.4811130753343295
,19,,0.9608892548373816,0.9607145810933752,0.092218447050651,0.410022295068198
,20,,0.9592424866200082,0.9590401323955317,0.0967261112802847,0.4215580034059192
,21,,0.9594071634417456,0.9592056268100952,0.0979913784169115,0.4282884704469785
,22,,0.961794977356937,0.9618295491938138,0.0951263206375793,0.4842342440104894
,23,,0.9582544256895842,0.9579497387409804,0.1019280318293514,0.4272331809719656
,24,,0.9578427336352408,0.9577557755775578,0.0972971220974783,0.4349038852186515
,25,,0.9536434746809388,0.95376529522871,0.0959790354598918,0.437031643585601
,26,,0.9527377521613832,0.9526871084734586,0.0999685083732914,0.4263168228204468
,27,,0.9514203375874846,0.9513682822288164,0.1044409596022851,0.4426747726558711
,28,,0.9519967064635652,0.951917525773196,0.0962431329646905,0.3981633560857638
,29,,0.9503499382461918,0.9500869133349888,0.1236664576561666,0.5022219846355704
,30,,0.9482091395636064,0.948268772102969,0.1089134108312789,0.4589506649300872
,31,,0.9492795389048992,0.9492920645373724,0.1026398946491043,0.4198789019743683
,32,,0.9487031700288184,0.9486862696647722,0.1147215551981791,0.4706884969742688
,33,,0.9472210786331824,0.9473424792573728,0.1095900606503921,0.4555032177154974
,34,,0.9468093865788392,0.946611570247934,0.1142737898832249,0.4431967021764786
,35,,0.9426924660354056,0.9421830868915102,0.1164621978434438,0.4216319303351885
Qwen3-4B-Base,0,last_token,0.7993412927130507,0.7881790525858322,0.3890952539677649,0.8739696608866132
,1,,0.8661177439275421,0.8634302032588611,0.2796788574341647,0.7324395170443534
,2,,0.8929600658707287,0.8918109187749668,0.2544591463168202,0.7483400251605914
,3,,0.9137916838205022,0.9132919254658384,0.2041277639704578,0.6688943823252957
,4,,0.9306710580485796,0.930147668823627,0.174480818318123,0.6161529234359415
,5,,0.9416220666941127,0.9411862297801742,0.1640593707196697,0.6151620849472774
,6,,0.9410456978180322,0.9399429625901694,0.1808599735022169,0.6374002357213335
,7,,0.948044462741869,0.9473332776896752,0.1469166416240875,0.5424708211283895
,8,,0.95356113627007,0.9533189869226948,0.1134034685605925,0.4723352747743101
,9,,0.9542198435570194,0.9539430086149768,0.129228111018588,0.5601851817719892
,10,,0.9546315356113628,0.9541940310915288,0.1147743746991388,0.4630369790060276
,11,,0.9559489501852614,0.9557887777869598,0.0961374939627711,0.4118696459181379
,12,,0.9548785508439688,0.9546582823101109,0.1019632448299912,0.4224769118120361
,13,,0.9594071634417456,0.9591650791021288,0.1094316021475129,0.4822998443084376
,14,,0.9577603952243722,0.957585779247623,0.0878340283232569,0.3807558332083656
,15,,0.9594071634417456,0.9593870994315842,0.08070779731877,0.3671087443999568
,16,,0.9603128859613008,0.9599800730654268,0.113297829558673,0.4905551917423119
,17,,0.9573487031700288,0.9573522147208958,0.0756819417729025,0.3364221874695756
,18,,0.9579250720461095,0.9578834583367676,0.0851978550480837,0.3819669604036839
,19,,0.9593248250308768,0.9589359933499584,0.084820515734409,0.3486394953585114
,20,,0.9598188554960888,0.9595222295952224,0.1043529271006855,0.4569055183979129
,21,,0.9596541786743517,0.9594438006952491,0.0998804758716919,0.4399903524380826
,22,,0.9594895018526144,0.959122632103689,0.1113735191032528,0.4847698132536151
,23,,0.9590778097982708,0.9587175014536092,0.1081839415112059,0.4718058879453664
,24,,0.9563606422396048,0.9558848010654236,0.1033517574688575,0.4132992244893407
,25,,0.9557019349526554,0.9553749170537492,0.1241318294714408,0.5371778921221191
,26,,0.954549197200494,0.9542667771333886,0.1216012951981871,0.5221840736874404
,27,,0.954549197200494,0.9542440318302388,0.124808479290554,0.5315315477552303
,28,,0.953067105804858,0.9528379943736556,0.1235256056536072,0.527803658034244
,29,,0.9496088925483738,0.9491694352159468,0.1358009377062011,0.5456359339948844
,30,,0.9496088925483738,0.9493796526054592,0.1357305117049214,0.5590302540788952
,31,,0.9514203375874846,0.9511508527901972,0.1293689630211473,0.5307781486176548
,32,,0.9504322766570604,0.9499501163950782,0.1396847716176812,0.5501338588580307
,33,,0.9505146150679292,0.9500789102084892,0.1358537572071609,0.5365636803188933
,34,,0.951585014409222,0.951089668940276,0.1250549702950328,0.4900355461185652
,35,,0.948044462741869,0.9473859751521722,0.1310391796651323,0.4798552644643594
Llama-3.1-8B,0,mean_pool,0.8623301770275834,0.8566529492455418,0.3216187416394133,0.8036545500615884
,1,,0.9112391930835736,0.909866220735786,0.2273603414380589,0.7054074014146039
,2,,0.9435158501440922,0.9432401125268908,0.1423033383925345,0.548471650389903
,3,,0.9694524495677234,0.9694625072022388,0.0899067935881927,0.4995882707428558
,4,,0.976780568135035,0.9767441860465116,0.0529499491212155,0.2934570117334596
,5,,0.9794153972828324,0.9794475501479776,0.0520268082976234,0.3714027675470284
,6,,0.9818032111980238,0.9818181818181818,0.0462890899320028,0.3287376559985353
,7,,0.984273363524084,0.9842318170560554,0.0444704184785023,0.286662187815013
,8,,0.982544256895842,0.9825341901466468,0.0456476531135295,0.3257864433208115
,9,,0.9846027171675586,0.9846153846153848,0.0379504112918489,0.2888353014883495
,10,,0.9824619184849732,0.9824936303114984,0.0399275412482288,0.2801192345685845
,11,,0.984767393989296,0.9847422680412372,0.0469305267504762,0.3316710006729613
,12,,0.9846850555784272,0.9846509324971118,0.0450766422963357,0.2988925499806081
,13,,0.9834499794153972,0.983474471758612,0.0417990322026892,0.3076831037659504
,14,,0.9854261012762454,0.9854164950152426,0.0284697110173075,0.2010153614875096
,15,,0.98205022643063,0.9820812099293112,0.0374146134752951,0.2537728555444287
,16,,0.9826265953067106,0.9825691862866583,0.0426517470250016,0.2561856271832692
,17,,0.9818032111980238,0.981743081371334,0.0477656350724687,0.2817014577544388
,18,,0.9785920131741458,0.9785620052770448,0.0522028733008226,0.3116823385735618
,19,,0.9802387813915192,0.9801980198019802,0.0427397795266012,0.2423852968450073
,20,,0.9806504734458624,0.9806281427747094,0.0463947289339224,0.2952581578035476
,21,,0.9743104158089748,0.974451359318703,0.0477304220718288,0.2887581219459387
,22,,0.9750514615067928,0.9750350168905,0.0504194148479618,0.277269239514899
,23,,0.9743927542198436,0.9744348540896012,0.0465707939371216,0.2613346245524868
,24,,0.975298476739399,0.9753208292201382,0.0490837217100553,0.2806898421801946
,25,,0.9759571840263483,0.9760144570395926,0.0414392993893345,0.2393276081245039
,26,,0.9759571840263483,0.9759710335747204,0.0490837217100553,0.2806898421801946
,27,,0.9752161383285304,0.9751834446368208,0.0504370213482817,0.2745779900081686
,28,,0.9740634005763688,0.9740975248745992,0.053556172939049,0.3023896076894519
,29,,0.9757101687937424,0.975750102753802,0.0503489888466821,0.2892059877718829
,30,,0.9764512144915604,0.9764531533014984,0.0529147361205756,0.2997776565967727
,31,,0.9723342939481268,0.9723547803192364,0.0606471909428961,0.3237816770319752
Llama-3.1-8B,0,last_token,0.8098806093042404,0.8000692700666724,0.4402769502500323,1.008185069166638
,1,,0.9072869493618774,0.904802164355766,0.2704598537780148,0.7870416322191562
,2,,0.9478797859201318,0.9471045374780648,0.1722395908569444,0.6687300645031677
,3,,0.9719226018937834,0.9718344759230196,0.0880529091340522,0.4660923009332944
,4,,0.978262659530671,0.9783464566929134,0.0571583028454104,0.3935256661927786
,5,,0.9824619184849732,0.9825538537144728,0.0372561549724158,0.3116921320208359
,6,,0.9826265953067106,0.9826750964775434,0.0411752018845357,0.2978592942873157
,7,,0.985014409221902,0.9849958779884584,0.043081905839636,0.3137955974367385
,8,,0.9832029641827912,0.9832759468765372,0.0340841838806886,0.2764393458209842
,9,,0.9843557019349528,0.9843929686216528,0.039162858927516,0.3341464628200765
,10,,0.9841086867023466,0.9841556522453,0.039162858927516,0.3341464628200765
,11,,0.9858377933305889,0.9858296259680344,0.0386270611109621,0.2793879845831202
,12,,0.98575545491972,0.9857648317287911,0.0360261008364288,0.2790995231183197
,13,,0.9855907780979828,0.9855978931775162,0.0379328047915289,0.2962938250502098
,14,,0.985261424454508,0.985258996952977,0.0392508914291156,0.2885346309878391
,15,,0.98328530259366,0.983362019506598,0.0334427470622152,0.2730359895406793
,16,,0.9829559489501852,0.9830174747723356,0.0334779600628551,0.2593113922173855
,17,,0.9812268423219432,0.9813084112149532,0.0366675376549021,0.2823693519169019
,18,,0.9811445039110746,0.9812156508900008,0.0417990322026892,0.3076831037659504
,19,,0.9811445039110746,0.9812187320593784,0.039892328247589,0.2916642504508688
,20,,0.9811445039110746,0.981212568709492,0.0399275412482288,0.2801192345685845
,21,,0.9811445039110746,0.9811507119927566,0.0463419094329626,0.3099215878571604
,22,,0.9808151502675998,0.9808277791491812,0.0431523318409157,0.2900921704998067
,23,,0.9799917661589131,0.979955456570156,0.0432931838434749,0.2590186566484447
,24,,0.9814738575545492,0.9814677538917717,0.0412808408864553,0.2678696080148501
,25,,0.9818032111980238,0.9818181818181818,0.0463243029326426,0.3156163669182592
,26,,0.9808151502675998,0.9807103237022932,0.0598472956215434,0.3566201671653326
,27,,0.9805681350349938,0.9804700430321086,0.0516318624836289,0.294516983869463
,28,,0.9803211198023878,0.9803921568627452,0.0545573425708771,0.4063109225023651
,29,,0.9789213668176204,0.9789957335083688,0.0546101620718368,0.3735295591997003
,30,,0.9794153972828324,0.979494750656168,0.0501201043425232,0.3539118590329271
,31,,0.9788390284067516,0.9788111138593454,0.0534857469377694,0.317019101055195
Qwen3-8B-Base,0,mean_pool,0.8353231782626596,0.8293224099675712,0.2843825940537245,0.6691946457777374
,1,,0.8695759571840264,0.8659444820582262,0.2543911212019477,0.6570208494350314
,2,,0.8881020996294772,0.883895771038018,0.2534327673777159,0.6734752747474597
,3,,0.8968299711815562,0.8884337993054937,0.3126738391814258,0.7832565553211464
,4,,0.9212844792095513,0.917157712305026,0.2592837275522123,0.7271440789763077
,5,,0.9375051461506791,0.9360949734781512,0.1944533921923974,0.6528248037411313
,6,,0.9389048991354468,0.9394681024636972,0.125537948610627,0.516640002768427
,7,,0.9472210786331824,0.9477630184989,0.1023405841436658,0.4675173169657345
,8,,0.9515026759983533,0.95117300837271,0.1313460929775273,0.5269670214511564
,9,,0.9539728283244132,0.9537289959440444,0.1135091075625119,0.4568648731695188
,10,,0.952079044874434,0.9515726410384424,0.1269264612494933,0.5031221094983414
,11,,0.9559489501852614,0.955360867751356,0.1162685263399246,0.4407572300869806
,12,,0.9574310415808976,0.957577746779355,0.0889408369570045,0.4110980756931792
,13,,0.9573487031700288,0.9574433125205388,0.0908651474124246,0.4173786843141669
,14,,0.9587484561547962,0.958802730038648,0.0896174867761178,0.4073072225801941
,15,,0.9579250720461095,0.9574627486889205,0.1141505443809853,0.4587380583202205
,16,,0.9606422396047756,0.960554546954943,0.0813668406375633,0.3668174423628532
,17,,0.9616303005351996,0.9614302267836452,0.1093611761462332,0.4969651742275784
,18,,0.9617126389460684,0.9616747712849254,0.0940195120038317,0.4374552136479059
,19,,0.961053931659119,0.9610859728506788,0.0946257358216654,0.4466221089146107
,20,,0.9609715932482504,0.96048024012006,0.1128324577433989,0.459882863090058
,21,,0.9614656237134624,0.9613925094868834,0.089529454274518,0.4227998189138011
,22,,0.9594071634417456,0.9598501506637348,0.0701983172187171,0.3740281252492998
,23,,0.9622066694112804,0.9622253312484568,0.0818674254534774,0.3906342165625238
,24,,0.9492795389048992,0.9501618122977348,0.078519389358551,0.408155598179257
,25,,0.9593248250308768,0.9594083812654068,0.0837741294085776,0.4002749465741844
,26,,0.9587484561547962,0.9586872268491796,0.0870693460025441,0.3961339071374969
,27,,0.956772334293948,0.9567224466243508,0.0985447827337853,0.4451799464996457
,28,,0.9547962124331,0.9547962124331,0.0922888730519307,0.3997676009293567
,29,,0.9496088925483738,0.9488550894200234,0.1195637429338911,0.4405974161276691
,30,,0.9529024289831206,0.9531147540983608,0.093466107686958,0.4197194354751299
,31,,0.9471387402223136,0.9460866644272756,0.1389124864900121,0.4824084175960248
,32,,0.9482914779744752,0.9477798104107766,0.1125607574316437,0.4156627792290339
,33,,0.9443392342527788,0.9431932773109244,0.1326917898087973,0.4486133345344676
,34,,0.9459860024701524,0.9453059863264964,0.1120601726157297,0.4015500785475918
,35,,0.9526554137505148,0.9527254789114528,0.0973675480987581,0.4235675927210538
Qwen3-8B-Base,0,last_token,0.7893783449979416,0.7824829931972789,0.3601425646348631,0.8192239684112814
,1,,0.8612597776862907,0.8575775505029161,0.2906713158498117,0.7497137066648019
,2,,0.8866200082338411,0.8849912302681032,0.2735790053687821,0.8038181517662724
,3,,0.9076986414162208,0.9061689126977484,0.2376937565349126,0.7207026025229584
,4,,0.9241663235899548,0.9230640715061398,0.2099006953367183,0.6825083152585347
,5,,0.9317414573898724,0.9312204430432256,0.1750694356356367,0.6256473066527257
,6,,0.9367641004528612,0.9360745796570668,0.1807367279999775,0.6576944946776755
,7,,0.9413750514615068,0.9411959035348528,0.1537611686234558,0.594520412086371
,8,,0.950843968711404,0.9505590062111802,0.1268560352482136,0.5142712483082459
,9,,0.953314121037464,0.953314121037464,0.0936949921911169,0.3881452557204112
,10,,0.9549608892548374,0.9551823023351086,0.0814372666388429,0.3577144108714774
,11,,0.9579250720461095,0.957786038826931,0.1024990426465451,0.4394733209158041
,12,,0.9586661177439276,0.958505538105472,0.0892049344618033,0.3741114637619658
,13,,0.9582544256895842,0.957809769493218,0.1135443205631518,0.4521861006936118
,14,,0.9609715932482504,0.9608329201784828,0.080207212502856,0.3472706078636975
,15,,0.9622066694112804,0.9621568142468464,0.0952319596394989,0.4563850740374855
,16,,0.961053931659119,0.9610154125113328,0.0737224183168425,0.3341002038535419
,17,,0.961300946891725,0.9609958506224068,0.0936245661898372,0.3967783409541896
,18,,0.9619596541786744,0.9618560105680316,0.0997572303694523,0.463086378259137
,19,,0.961300946891725,0.961214721901304,0.0940723315047915,0.4277356441562521
,20,,0.9629477151090984,0.9628774129681572,0.0800311474996567,0.3700123880702084
,21,,0.961794977356937,0.961766644693474,0.0888704109557249,0.4241131921043917
,22,,0.9597365170852202,0.9595098120394138,0.0954608441436578,0.4149018874237322
,23,,0.9607245780156444,0.9607762519529645,0.0749172594521897,0.3499955535621035
,24,,0.9577603952243722,0.9575436563767276,0.0986856347363446,0.4223499138232105
,25,,0.9586661177439276,0.9585808580858086,0.0921480210493713,0.421537811822859
,26,,0.9574310415808976,0.9573537903159284,0.0897231257780373,0.3915987289551852
,27,,0.9568546727048168,0.9567585410133684,0.08656876118663,0.3743963475444491
,28,,0.9553725813091808,0.95522141440846,0.0872806240063831,0.3680231530688385
,29,,0.954302181967888,0.9541587511357066,0.0790299778678288,0.3319085974745017
,30,,0.9537258130918074,0.9536914963744232,0.0916298297331374,0.4001881998422765
,31,,0.9536434746809388,0.9534749194281464,0.0948722268261442,0.4054384903680867
,32,,0.9532317826265954,0.9531121017005116,0.0866744001885495,0.3620583110378232
,33,,0.95232606010704,0.952113142006451,0.0975612196022771,0.3979256114894682
,34,,0.955290242898312,0.955090563228848,0.1031404794650184,0.4414407774971711
,35,,0.955537258130918,0.9551867219917012,0.1057942592405115,0.43646033384903
Qwen2.5-3B,0,mean_pool,0.853684643886373,0.8518796365758107,0.240261197492639,0.6918978247775516
,1,,0.8637299300123508,0.8609126817379612,0.2643814698264589,0.7713047878995094
,2,,0.8820913956360642,0.88264218980495,0.1908462765015059,0.6480687622152219
,3,,0.883902840675175,0.8814926878466969,0.2146324590191595,0.6573403824237012
,4,,0.8899958830794565,0.8881634019755567,0.218801832432022,0.7032242155598687
,5,,0.8956772334293948,0.8949158165381106,0.1952451257476947,0.6707917221507396
,6,,0.910580485796624,0.9102775941837408,0.1687558528992415,0.6226411832146672
,7,,0.9161794977356936,0.9147546474627366,0.1738684394799672,0.6139408786472549
,8,,0.9304240428159736,0.929846409298464,0.1507554985615578,0.5903387282108068
,9,,0.9402223137093454,0.9400594451783356,0.1120112038200977,0.466807073041187
,10,,0.9491972004940304,0.9489534210308596,0.1004952290961858,0.4430612338138395
,11,,0.9494442157266364,0.9494733377221856,0.0944411166699006,0.4389586465570549
,12,,0.9484561547962124,0.9485451257603156,0.1003197475765833,0.4790001732505624
,13,,0.9522437216961712,0.9522869364922673,0.0963376669394504,0.4661707141466795
,14,,0.95356113627007,0.9536260483473114,0.0884140014004775,0.4305389534275261
,15,,0.9534787978592012,0.9534711356336985,0.0918983219579687,0.4420876280174179
,16,,0.9568546727048168,0.95701394585726,0.0734542018543672,0.3847040639511565
,17,,0.955784273363524,0.9555205831193572,0.0885219900279251,0.4095255047519286
,18,,0.9547138740222314,0.9544324772162386,0.0984096987286026,0.4544306922674628
,19,,0.9547138740222314,0.9545829892650702,0.0943871223561768,0.4502310942679797
,20,,0.9602305475504322,0.9603610997127616,0.0640372560764693,0.3412768247302447
,21,,0.9547138740222314,0.9543568464730292,0.0836388792805258,0.3781267634975158
,22,,0.955043227665706,0.9549579277346972,0.1008040090777939,0.4840076440923559
,23,,0.9594071634417456,0.9597583870704433,0.0683416152736414,0.4036341619578838
,24,,0.9581720872787156,0.9578423236514524,0.0963646640963122,0.4597415507291944
,25,,0.9603952243721696,0.960525235945835,0.0679788409783095,0.3646200555585097
,26,,0.960065870728695,0.9602034955280216,0.065987800659743,0.3571581821711196
,27,,0.9543845203787568,0.9542300066093852,0.0948983810142494,0.4488989197457904
,28,,0.9527377521613832,0.9523967490462764,0.0945491052973483,0.4197857552812238
,29,,0.9538904899135446,0.9538182417944912,0.0898937830609714,0.4385216585459788
,30,,0.9531494442157268,0.9532495275655246,0.083920662105272,0.4183889537233543
,31,,0.9498559077809798,0.9500942391215276,0.0745037163273742,0.3769321599305426
,32,,0.945574310415809,0.9457529749692244,0.0904185402974748,0.434240133343196
,33,,0.940798682585426,0.9411475812392568,0.0880782242620074,0.398957609646644
,34,,0.93684643886373,0.9371671991480298,0.0905805232386464,0.404913002727413
,35,,0.9343762865376698,0.9343654780531994,0.0937020695008057,0.3953928287014796
Qwen2.5-3B,0,last_token,0.7916014820913956,0.782616164218844,0.3314356581822477,0.8085963487930039
,1,,0.8563194730341704,0.8554626025014496,0.2475116214323679,0.7285848629783143
,2,,0.8730341704405105,0.8729400131839157,0.2025917270587441,0.6393552405486274
,3,,0.8810209962947715,0.8802519267423552,0.232052374484312,0.7619509932725341
,4,,0.8900782214903252,0.8904570443915648,0.1927023310357627,0.6733093713333771
,5,,0.8953478797859201,0.8953134008730748,0.1849001527026684,0.6297974386367371
,6,,0.9109098394400988,0.9104749296706932,0.1791278231011297,0.6641704954655419
,7,,0.9178262659530672,0.9174933862433864,0.1598096700441235,0.5971719963306303
,8,,0.9291066282420748,0.9285536470002488,0.154239819119049,0.5996586711103471
,9,,0.9403869905310828,0.9397570311199868,0.1038732483485332,0.400934454014465
,10,,0.9473034170440512,0.9469408058365114,0.1035222853093283,0.4455744688501393
,11,,0.9486208316179496,0.9484041673557136,0.1073288844268588,0.4912849307616507
,12,,0.9534787978592012,0.95340206185567,0.0933781036184626,0.4500203603291872
,13,,0.9568546727048168,0.9568226763348716,0.0804363415477806,0.4063817225791646
,14,,0.9573487031700288,0.9572959604286893,0.0760104951447301,0.3795895020654209
,15,,0.9573487031700288,0.9572395575367344,0.0809880959411462,0.3968901474603106
,16,,0.9574310415808976,0.957339714497896,0.087875745585543,0.4381801413310064
,17,,0.9589131329765336,0.9588995964088626,0.0798710885759843,0.4210111498584163
,18,,0.9581720872787156,0.9580234671955048,0.0745712092195289,0.3645794538950984
,19,,0.9606422396047756,0.9606649111257406,0.0783103154449047,0.4359212789211981
,20,,0.9592424866200082,0.9591078066914498,0.0760239937231609,0.3770362334363861
,21,,0.9590778097982708,0.9592054502175162,0.0773147952856214,0.4323250255418132
,22,,0.9577603952243722,0.9576697747338888,0.0774902768052239,0.3874691512047183
,23,,0.9571016879374228,0.9569314706125486,0.0667825294648657,0.3113520091868689
,24,,0.9571016879374228,0.9570521803643558,0.0676430638398393,0.3332279620553269
,25,,0.9585014409221904,0.958470665787739,0.0799385814681391,0.4046496778161796
,26,,0.9571840263482916,0.957010582010582,0.0761049851937467,0.363128132804313
,27,,0.9566899958830796,0.9566006600660066,0.0834903949177852,0.4027698512275734
,28,,0.954055166735282,0.9536929460580912,0.068451291223393,0.2977234944440727
,29,,0.9521613832853026,0.9517401777556276,0.0768592182635766,0.3315517694616328
,30,,0.955290242898312,0.9552828790249528,0.085373446608904,0.4330525361570165
,31,,0.951585014409222,0.9516924088070984,0.0947498966515087,0.4881232993801112
,32,,0.9512556607657472,0.9514196619071064,0.0908218103280997,0.4586264084514702
,33,,0.9489501852614244,0.9489879874938292,0.0914005618783272,0.4404485386486203
,34,,0.9483738163853438,0.9483482988714064,0.1018805207076629,0.4682680284671736
,35,,0.9483738163853438,0.9481689675126064,0.0965401456159148,0.4260871119294398
SmolLM3-3B-Base,0,mean_pool,0.782544256895842,0.7774500716272015,0.2382229121495642,0.5781465924589062
,1,,0.8545903664059283,0.8581753935110825,0.1552387139229399,0.4865229369603718
,2,,0.8961712638946069,0.8957420421661844,0.1937518455087699,0.6671676705229852
,3,,0.9264717990942776,0.9256143273635984,0.1598231686225544,0.5949351499727022
,4,,0.9410456978180322,0.9407088439880756,0.1361719718892104,0.5830695101220855
,5,,0.9504322766570604,0.9504689814052988,0.1042748310568544,0.49863639072935
,6,,0.950843968711404,0.9513962387038996,0.0867047439066573,0.4932053092351038
,7,,0.9529024289831206,0.9530146213241334,0.0736161847955386,0.3544677250035759
,8,,0.95603128859613,0.956379676523444,0.0729294446178636,0.3891800535913594
,9,,0.9559489501852614,0.956158321724166,0.0582126194835106,0.2943058980556445
,10,,0.9585014409221904,0.958504857566277,0.0710733900836068,0.3545384132959559
,11,,0.9623713462330176,0.9623217083024156,0.0705621314255342,0.3551124260469445
,12,,0.9597365170852202,0.959663449641178,0.0563160692139609,0.274857710472423
,13,,0.9635240839851792,0.9635480951205464,0.0665395550531084,0.3479971982117003
,14,,0.9627006998764924,0.962608336772596,0.0675890695261155,0.3419338664089495
,15,,0.9622066694112804,0.9622501850481124,0.0635664931536897,0.3342983130061587
,16,,0.9594071634417456,0.959340206185567,0.0563160692139609,0.274857710472423
,17,,0.9614656237134624,0.9614687963115428,0.0645620133129729,0.3380402791724974
,18,,0.9611362700699876,0.9611650485436892,0.0615889514135542,0.3243403156499171
,19,,0.960806916426513,0.9607584501236603,0.0611991799613603,0.3055322470474761
,20,,0.9589954713874024,0.9595713589868484,0.0485122035585627,0.2993319836089365
,21,,0.9582544256895842,0.9583778014941302,0.0709654014561591,0.3756517172035281
,22,,0.9594071634417456,0.9592999256996616,0.0765352523812336,0.3762971553653318
,23,,0.956772334293948,0.9566438186472872,0.071706135947558,0.3357253066545564
,24,,0.9571016879374228,0.9569741514575936,0.0766432410086812,0.3586436212400645
,25,,0.9551255660765748,0.955258188982842,0.0754722393297956,0.3859706618727068
,26,,0.9522437216961712,0.952482385711945,0.0784453012292142,0.3994276556829375
,27,,0.9521613832853026,0.9524199492261076,0.0819026246298436,0.4177656260452012
,28,,0.9494442157266364,0.9498119993460848,0.0828981447891269,0.4212085958167675
,29,,0.9527377521613832,0.9530355097365406,0.0749069863579992,0.3997363188239284
,30,,0.9521613832853026,0.952216465169833,0.0825218719153639,0.3943940932363632
,31,,0.9486208316179496,0.9484297520661156,0.0704558301203904,0.3031716137682405
,32,,0.9491972004940304,0.9492473472073704,0.0698095856780083,0.3170128170741666
,33,,0.950843968711404,0.9510133749076886,0.0790375513578726,0.3825005530119734
,34,,0.9499382461918484,0.9501721029339452,0.079979077203432,0.3961295590054554
,35,,0.938575545491972,0.9389824963193196,0.0826838548565354,0.3691613704443375
SmolLM3-3B-Base,0,last_token,0.7040757513379992,0.6911840522426533,0.2906547654200166,0.637449448674658
,1,,0.8213256484149856,0.8159457167090755,0.2822772101813027,0.7297616489865215
,2,,0.8892548373816386,0.8878512465604936,0.1775299288793649,0.5491849341741721
,3,,0.920378756689996,0.9196243038816392,0.1752402325130134,0.6368022676460794
,4,,0.9473857554549198,0.9476529859916442,0.095772413967654,0.4828906738554877
,5,,0.9504322766570604,0.950338228015179,0.0832221106714699,0.3654627398276813
,6,,0.953314121037464,0.9532679469216188,0.0683702997528072,0.30587403780464
,7,,0.9516673528200904,0.9515876288659794,0.0590478440239262,0.260139232313259
,8,,0.9566899958830796,0.956714944042133,0.0721229045566138,0.3492193978514466
,9,,0.9569370111156856,0.95676614036538,0.0766837367439741,0.3528586289432422
,10,,0.9584191025113216,0.9585487975047196,0.076386768018493,0.4086062858854795
,11,,0.9594071634417456,0.9595536959553695,0.0674945794770988,0.3598489105921354
,12,,0.9581720872787156,0.9580511973575556,0.0510026912790746,0.2380849495829764
,13,,0.9602305475504322,0.9603350578960336,0.0541900431110848,0.2846799646921285
,14,,0.9608892548373816,0.9608956944101424,0.0601631640667842,0.307693635861018
,15,,0.9607245780156444,0.9610198578082864,0.057001122069332,0.3283105765438221
,16,,0.9623713462330176,0.9624578986281114,0.0757945178898347,0.4365669793179405
,17,,0.960806916426513,0.9609580052493438,0.0595709139381258,0.3215592400105698
,18,,0.9603128859613008,0.9606915674441364,0.0662830820629202,0.4244792195042843
,19,,0.961547962124331,0.9616427104722792,0.0551855632703681,0.2885770024369365
,20,,0.9603128859613008,0.9604334263667706,0.0644945204208182,0.3515028828628428
,21,,0.9588307945656648,0.9588680487002303,0.072041913086028,0.3629141712871662
,22,,0.9585014409221904,0.958538993089832,0.0794138242316355,0.4090837672748062
,23,,0.9572663647591602,0.9572804346036712,0.0696206055799748,0.3424915875786891
,24,,0.955784273363524,0.9558279180718928,0.0790240527794416,0.3849362962210736
,25,,0.9566899958830796,0.9566864295125164,0.0893285300891749,0.4536108248166521
,26,,0.9549608892548374,0.9548419053909024,0.0835848849668019,0.3863263237150711
,27,,0.9539728283244132,0.9539197098343088,0.08355788780994,0.3907256074189273
,28,,0.9526554137505148,0.9526320125216244,0.092893842117252,0.4453553315430385
,29,,0.9537258130918074,0.9536914963744232,0.087485974133349,0.4135588358232418
,30,,0.951585014409222,0.9516924088070984,0.1056331255114695,0.5499890937593741
,31,,0.95109098394401,0.9511834319526628,0.1042073381646995,0.5188815804323781
,32,,0.9516673528200904,0.9517864476386036,0.0987724730239346,0.488656416004936
,33,,0.9504322766570604,0.9506880733944956,0.0937678750706566,0.4804599747100213
,34,,0.9529024289831206,0.9526254762299156,0.1028760408669462,0.4713946769544974
,35,,0.9479621243310004,0.9477340390340722,0.0892087302056001,0.3829981173573586
Llama-3.2-1B,0,mean_pool,0.8241251543845204,0.8216730672900318,0.2482000489323467,0.6725226086055038
,1,,0.8873610539316591,0.8881073122852936,0.1700888375192988,0.5776530472534955
,2,,0.9292713050638124,0.9299290317317888,0.1276425576431481,0.5773414456402386
,3,,0.9481268011527376,0.947752529441035,0.0873661742497743,0.359476857358489
,4,,0.9599011939069576,0.9597686906237092,0.0987454758670727,0.4968344392181709
,5,,0.961053931659119,0.9610603441178892,0.0848216922155385,0.4459711067856893
,6,,0.960806916426513,0.9607649192218926,0.0951801638389956,0.515777042990055
,7,,0.9628653766982296,0.9629872794419368,0.080731622950958,0.4720205799167165
,8,,0.962041992589543,0.9621665982765696,0.0827361618479554,0.4728731202749547
,9,,0.9603952243721696,0.9602774795606572,0.0794813171237903,0.3944059837250195
,10,,0.9547962124331,0.954900188942742,0.0833554091334756,0.4331963095308468
,11,,0.952820090572252,0.9530058230132042,0.1021218077971163,0.5522176940113344
,12,,0.9493618773157678,0.949528108329914,0.0953151496233053,0.4698237601683335
,13,,0.9543845203787568,0.9542904290429044,0.0953826425154601,0.4534647080454435
,14,,0.9488678468505558,0.9489938398357288,0.1106242248863167,0.559768811197983
,15,,0.9433511733223549,0.9433465085639,0.1092794290101324,0.5071449628643601
Llama-3.2-1B,0,last_token,0.732564841498559,0.7236215112321307,0.3487796441437261,0.8012484071626871
,1,,0.8706463565253191,0.8678165755153555,0.232740801984291,0.6800681029119078
,2,,0.921119802387814,0.9208133575797652,0.1809028861648007,0.722334747488004
,3,,0.9507616303005352,0.950529450694904,0.1211581780293763,0.5623575469846855
,4,,0.9589954713874024,0.9589108910891088,0.1046376053521863,0.5467947439072716
,5,,0.9622066694112804,0.962268803945746,0.0901620673072867,0.5199015159360934
,6,,0.9646768217373404,0.964769647696477,0.0802068657144544,0.4846759252079744
,7,,0.962289007822149,0.9622983207112282,0.0916688461246425,0.5173323745433853
,8,,0.9639357760395224,0.9639268654257948,0.0901755658857176,0.512211154069766
,9,,0.9630300535199672,0.963060468942822,0.0877002640659405,0.4966736884451115
,10,,0.9603952243721696,0.96042129515346,0.0867857353772429,0.4612160088027792
,11,,0.956278303828736,0.9559372666168784,0.1068176257687861,0.4928637539014149
,12,,0.9561959654178674,0.9563146657907704,0.0902970530915963,0.4646620467910587
,13,,0.955043227665706,0.9549876339653752,0.0963241683610194,0.4695597054877907
,14,,0.95603128859613,0.9559478633888796,0.0977769528646513,0.4854228022274722
,15,,0.9541375051461508,0.9541375051461508,0.0923690848807485,0.4498847124011433
SmolLM2-360M,0,mean_pool,0.714862083161795,0.6981082730363526,0.1738886873476137,0.3743117789390648
,1,,0.783038287361054,0.77907269221095,0.2105373277876674,0.5133915297043761
,2,,0.8243721696171263,0.8194667795175624,0.2413140866102537,0.6233073661419588
,3,,0.8452037875669,0.844782034346103,0.2195172570888628,0.632201408469852
,4,,0.8567311650885138,0.8543933054393306,0.2249926179649206,0.6444501030878831
,5,,0.8698229724166323,0.8696082474226804,0.1952603116484295,0.6082455168760377
,6,,0.8714697406340057,0.8698407404319186,0.1970640591912664,0.5853204491318644
,7,,0.8806093042404282,0.8794279062032263,0.2173625465068209,0.6928440101805036
,8,,0.8860436393577604,0.8842809364548495,0.2164615163965545,0.679252761820889
,9,,0.8887608069164266,0.8866515647285846,0.1893546835848849,0.5879303927599855
,10,,0.8871140386990531,0.8868905205841102,0.1649509411040149,0.5302207238195944
,11,,0.89164265129683,0.8897268309033015,0.206963579148071,0.6619391719591969
,12,,0.8938657883902841,0.8939007325705819,0.1799630476415452,0.6122484898578895
,13,,0.8962536023054755,0.8941710062153536,0.1863276273717424,0.5845008761972275
,14,,0.8944421572663648,0.8930240320427236,0.1999274451409335,0.6536340364576252
,15,,0.8972416632358996,0.8959132610508758,0.2072588605512482,0.6893846417410177
,16,,0.8942774804446274,0.8946504758779127,0.176451729927192,0.6071209467619587
,17,,0.8966652943598189,0.89651191556032,0.1636719507976816,0.5553232456208224
,18,,0.8954302181967888,0.8944481382978723,0.1846048712994913,0.6039629855698507
,19,,0.8948538493207081,0.8951129363449692,0.1705056061283546,0.5887276547124509
,20,,0.8958419102511321,0.8962519478389239,0.1685010672313571,0.5854370688375714
,21,,0.8941951420337587,0.8948014735980352,0.1620976790881709,0.5607621261960074
,22,,0.8938657883902841,0.893655638973682,0.1725911364959377,0.5822854611181283
,23,,0.892383696994648,0.892117210070161,0.1835283596696223,0.6108094610853416
,24,,0.8881020996294772,0.88793601055496,0.1806497878192202,0.5913597886040156
,25,,0.8869493618773158,0.8871537766088601,0.1742059039407412,0.5726902993513123
,26,,0.8874433923425278,0.8873134943533098,0.1772329601538838,0.5758639802656389
,27,,0.884890901605599,0.8856161021109474,0.1607933789472795,0.536558115955335
,28,,0.882420749279539,0.8830466830466831,0.1816183108216416,0.5967118410422749
,29,,0.8785508439687114,0.8794442174090723,0.1826678252946486,0.5933310983543865
,30,,0.8773157678056813,0.8777486051854283,0.1492520943888097,0.4726443361640555
,31,,0.8742692466035406,0.8747025518995651,0.1749196412752781,0.5533711821836791
SmolLM2-360M,0,last_token,0.5974475092630712,0.5699709737004134,0.1023074132505419,0.2058755006303101
,1,,0.7219431864965006,0.703953712632594,0.3034210459710962,0.6670158351091922
,2,,0.7850967476327707,0.7775315376747358,0.2827648463271212,0.6802819229040609
,3,,0.8184438040345822,0.8116833205226749,0.265274063325206,0.6704044916086249
,4,,0.8274186908192672,0.823182048253754,0.2632543385274738,0.6966215542735945
,5,,0.8449567723342939,0.8412979351032448,0.2594730492445014,0.7093969771789381
,6,,0.8508027995059695,0.8494766572520352,0.2289612000236225,0.6543580129821951
,7,,0.8655413750514616,0.8658947195532561,0.187539124785921,0.5685087838222169
,8,,0.870893371757925,0.8696591853699086,0.2048797361027916,0.6157161166341156
,9,,0.8731165088513791,0.8715298040850354,0.2305472829892602,0.6949557877731496
,10,,0.8762453684643886,0.8731324385920486,0.2215082974074292,0.6366641945222593
,11,,0.875421984355702,0.8747412865303419,0.1958930575123807,0.5972354584750263
,12,,0.8857966241251544,0.885343473588493,0.1974926390564494,0.6411853395810558
,13,,0.8867023466447097,0.8862809917355372,0.1851701242712876,0.5979327333039945
,14,,0.8883491148620831,0.8873379860418744,0.1893141878495922,0.5916034761802829
,15,,0.8867023466447097,0.8851419031719533,0.1899739308704051,0.5787030199059968
,16,,0.8868670234664471,0.885289697779262,0.1913727210603133,0.5902413389437995
,17,,0.8932070811033347,0.8921593082231646,0.1833140697370308,0.5798547120247521
,18,,0.8919720049403046,0.891029900332226,0.2033982671199939,0.6635921010637453
,19,,0.8899135446685879,0.888648288498376,0.1873771418447495,0.5820129465798036
,20,,0.8905722519555372,0.8898831717623664,0.192972302604382,0.6353187148659618
,21,,0.8884314532729518,0.88837630776835,0.1870396773839755,0.6161018385318644
,22,,0.8889254837381638,0.8876675826463486,0.1907804709316549,0.5976593362056408
,23,,0.8887608069164266,0.8876694104930573,0.1887354362993647,0.5981094309194313
,24,,0.8869493618773158,0.8861620097836,0.2068690890990542,0.6735418080248063
,25,,0.883902840675175,0.882636923589146,0.1982468721262792,0.6152643446835762
,26,,0.878880197612186,0.8790793259350596,0.1955420944731758,0.6317704953708492
,27,,0.8805269658295595,0.8801321767864518,0.2040445115623761,0.6472488529090841
,28,,0.8780568135034994,0.8787953187658565,0.1955150973163139,0.6348639954612207
,29,,0.8781391519143681,0.8775645268034414,0.1972108562317031,0.6168357514911844
,30,,0.8741045697818032,0.8738969072164948,0.2021749584496883,0.6298470960372833
,31,,0.8722931247426925,0.871403697869165,0.1989471108823852,0.5985084775158414
